-- MySQL dump 10.13  Distrib 9.0.1, for macos15.0 (arm64)
--
-- Host: 127.0.0.1    Database: haebup
-- ------------------------------------------------------
-- Server version	8.0.39-0ubuntu0.24.04.1

/*!40101 SET @OLD_CHARACTER_SET_CLIENT=@@CHARACTER_SET_CLIENT */;
/*!40101 SET @OLD_CHARACTER_SET_RESULTS=@@CHARACTER_SET_RESULTS */;
/*!40101 SET @OLD_COLLATION_CONNECTION=@@COLLATION_CONNECTION */;
/*!50503 SET NAMES utf8mb4 */;
/*!40103 SET @OLD_TIME_ZONE=@@TIME_ZONE */;
/*!40103 SET TIME_ZONE='+00:00' */;
/*!40014 SET @OLD_UNIQUE_CHECKS=@@UNIQUE_CHECKS, UNIQUE_CHECKS=0 */;
/*!40014 SET @OLD_FOREIGN_KEY_CHECKS=@@FOREIGN_KEY_CHECKS, FOREIGN_KEY_CHECKS=0 */;
/*!40101 SET @OLD_SQL_MODE=@@SQL_MODE, SQL_MODE='NO_AUTO_VALUE_ON_ZERO' */;
/*!40111 SET @OLD_SQL_NOTES=@@SQL_NOTES, SQL_NOTES=0 */;

--
-- Table structure for table `STUDENT_LECTURE_PROGRESS`
--

DROP TABLE IF EXISTS `STUDENT_LECTURE_PROGRESS`;
/*!40101 SET @saved_cs_client     = @@character_set_client */;
/*!50503 SET character_set_client = utf8mb4 */;
CREATE TABLE `STUDENT_LECTURE_PROGRESS` (
  `progress_idx` int unsigned NOT NULL AUTO_INCREMENT COMMENT '수강 진행 ID',
  `user_id` varchar(50) CHARACTER SET utf8mb4 COLLATE utf8mb4_general_ci NOT NULL COMMENT '학생 ID',
  `lecture_detail_idx` int NOT NULL COMMENT '강의 상세 ID',
  `is_completed` tinyint(1) NOT NULL DEFAULT '0' COMMENT '수강 완료 여부',
  `completion_date` datetime DEFAULT NULL COMMENT '수강 완료 일시',
  PRIMARY KEY (`progress_idx`),
  KEY `fk_progress_user` (`user_id`),
  KEY `fk_progress_lecture_detail` (`lecture_detail_idx`),
  CONSTRAINT `fk_progress_lecture_detail` FOREIGN KEY (`lecture_detail_idx`) REFERENCES `TBL_LECTURE_DETAIL` (`lecture_detail_idx`),
  CONSTRAINT `fk_progress_user` FOREIGN KEY (`user_id`) REFERENCES `TBL_MEMBER` (`user_id`)
) ENGINE=InnoDB AUTO_INCREMENT=1279 DEFAULT CHARSET=utf8mb4 COLLATE=utf8mb4_general_ci COMMENT='학생 상세강의 수강 진행 정보';
/*!40101 SET character_set_client = @saved_cs_client */;

--
-- Dumping data for table `STUDENT_LECTURE_PROGRESS`
--

LOCK TABLES `STUDENT_LECTURE_PROGRESS` WRITE;
/*!40000 ALTER TABLE `STUDENT_LECTURE_PROGRESS` DISABLE KEYS */;
INSERT INTO `STUDENT_LECTURE_PROGRESS` VALUES (256,'student019',311,1,NULL),(257,'student008',261,1,NULL),(258,'student002',361,0,NULL),(259,'student002',262,0,'2024-07-30 00:00:00'),(260,'student025',274,1,NULL),(261,'student002',281,1,'2024-10-04 00:00:00'),(262,'student002',282,1,'2024-08-03 00:00:00'),(263,'student017',272,1,'2024-09-12 00:00:00'),(264,'student013',333,1,'2024-10-14 00:00:00'),(265,'student023',399,1,'2024-08-14 00:00:00'),(266,'student014',304,1,'2024-09-29 00:00:00'),(267,'student002',284,1,'2024-08-13 00:00:00'),(268,'student016',278,1,'2024-08-09 00:00:00'),(269,'student023',286,1,NULL),(270,'student014',324,1,'2024-08-27 00:00:00'),(271,'student018',355,1,'2024-10-04 00:00:00'),(272,'student024',336,1,'2024-10-14 00:00:00'),(273,'student004',272,1,'2024-09-08 00:00:00'),(274,'student004',322,1,'2024-07-28 00:00:00'),(275,'student017',390,1,NULL),(276,'student006',340,1,NULL),(277,'student020',346,1,'2024-09-04 00:00:00'),(278,'student004',326,1,'2024-09-07 00:00:00'),(279,'student008',311,1,'2024-09-28 00:00:00'),(280,'student016',283,1,NULL),(281,'student003',257,0,'2024-10-08 00:00:00'),(282,'student025',373,1,'2024-09-15 00:00:00'),(283,'student020',258,0,NULL),(284,'student012',279,1,NULL),(285,'student021',327,1,'2024-08-12 00:00:00'),(286,'student010',342,1,'2024-08-29 00:00:00'),(287,'student002',288,1,'2024-10-22 00:00:00'),(288,'student015',313,1,NULL),(289,'student002',289,1,NULL),(290,'student009',334,0,NULL),(291,'student004',387,1,'2024-09-22 00:00:00'),(292,'student019',270,1,'2024-09-26 00:00:00'),(293,'student024',289,0,NULL),(294,'student009',376,1,NULL),(295,'student007',305,1,'2024-08-31 00:00:00'),(296,'student022',317,1,'2024-08-22 00:00:00'),(297,'student022',335,1,'2024-09-24 00:00:00'),(298,'student003',320,1,NULL),(299,'student014',276,1,'2024-08-13 00:00:00'),(300,'student012',385,1,'2024-08-25 00:00:00'),(301,'student004',378,1,NULL),(302,'student006',318,1,'2024-09-29 00:00:00'),(303,'student014',374,1,'2024-08-13 00:00:00'),(304,'student020',270,0,'2024-08-29 00:00:00'),(305,'student014',403,1,NULL),(306,'student010',327,0,NULL),(307,'student014',318,1,'2024-09-26 00:00:00'),(308,'student014',297,1,'2024-10-21 00:00:00'),(309,'student011',282,0,NULL),(310,'student005',272,1,'2024-08-05 00:00:00'),(311,'student024',345,1,'2024-09-03 00:00:00'),(312,'student022',326,0,'2024-08-13 00:00:00'),(313,'student001',392,1,NULL),(314,'student001',313,1,'2024-08-04 00:00:00'),(315,'student009',317,0,'2024-09-20 00:00:00'),(316,'student019',374,1,'2024-10-12 00:00:00'),(317,'student013',354,1,'2024-08-30 00:00:00'),(318,'student013',405,1,'2024-10-06 00:00:00'),(319,'student008',368,0,'2024-10-24 00:00:00'),(320,'student006',321,0,NULL),(321,'student005',350,0,NULL),(322,'student024',404,0,NULL),(323,'student001',386,1,'2024-09-23 00:00:00'),(324,'student012',358,1,'2024-09-04 00:00:00'),(325,'student023',305,1,NULL),(326,'student019',310,1,'2024-10-06 00:00:00'),(327,'student021',295,1,'2024-09-06 00:00:00'),(328,'student004',382,0,'2024-10-13 00:00:00'),(329,'student022',362,1,'2024-09-03 00:00:00'),(330,'student006',289,1,'2024-10-06 00:00:00'),(331,'student018',285,1,'2024-08-16 00:00:00'),(332,'student021',366,1,'2024-10-02 00:00:00'),(333,'student023',293,0,'2024-10-16 00:00:00'),(334,'student017',302,1,'2024-10-11 00:00:00'),(335,'student014',298,1,'2024-09-01 00:00:00'),(336,'student018',274,1,'2024-09-11 00:00:00'),(337,'student016',281,0,'2024-10-02 00:00:00'),(338,'student022',267,1,'2024-08-23 00:00:00'),(339,'student009',291,1,'2024-09-11 00:00:00'),(340,'student009',272,1,NULL),(341,'student017',365,0,NULL),(342,'student025',308,1,NULL),(343,'student024',380,1,'2024-10-12 00:00:00'),(344,'student017',373,1,NULL),(345,'student007',336,0,'2024-09-29 00:00:00'),(346,'student003',369,1,NULL),(347,'student011',362,1,NULL),(348,'student024',291,1,'2024-09-02 00:00:00'),(349,'student019',395,0,'2024-08-13 00:00:00'),(350,'student001',271,0,'2024-08-20 00:00:00'),(351,'student016',400,0,'2024-08-19 00:00:00'),(352,'student009',338,1,'2024-08-28 00:00:00'),(353,'student024',268,1,'2024-09-09 00:00:00'),(354,'student002',383,1,'2024-09-16 00:00:00'),(355,'student013',261,1,NULL),(356,'student004',301,0,'2024-08-30 00:00:00'),(357,'student007',355,1,'2024-09-02 00:00:00'),(358,'student009',342,1,'2024-09-24 00:00:00'),(359,'student021',290,1,'2024-09-19 00:00:00'),(360,'student008',366,1,'2024-09-03 00:00:00'),(361,'student014',329,1,'2024-09-19 00:00:00'),(362,'student008',367,1,'2024-10-12 00:00:00'),(363,'student020',321,0,'2024-08-09 00:00:00'),(364,'student014',405,1,'2024-08-31 00:00:00'),(365,'student015',269,1,'2024-10-06 00:00:00'),(366,'student021',330,1,NULL),(367,'student009',329,1,NULL),(368,'student018',395,1,'2024-08-31 00:00:00'),(369,'student008',369,1,'2024-10-08 00:00:00'),(370,'student004',275,1,'2024-10-09 00:00:00'),(371,'student022',380,0,'2024-10-15 00:00:00'),(372,'student007',379,1,'2024-10-10 00:00:00'),(373,'student023',288,0,'2024-10-13 00:00:00'),(374,'student004',388,1,NULL),(375,'student015',267,0,'2024-09-28 00:00:00'),(376,'student017',330,0,'2024-10-19 00:00:00'),(377,'student019',267,1,NULL),(378,'student012',396,0,NULL),(379,'student016',363,1,NULL),(380,'student004',279,0,'2024-08-04 00:00:00'),(381,'student020',261,1,NULL),(382,'student004',343,1,'2024-08-18 00:00:00'),(383,'student016',365,1,'2024-08-29 00:00:00'),(384,'student014',362,1,'2024-10-18 00:00:00'),(385,'student009',384,1,NULL),(386,'student014',277,0,'2024-09-08 00:00:00'),(387,'student014',365,1,'2024-10-12 00:00:00'),(388,'student009',321,1,'2024-08-11 00:00:00'),(389,'student019',308,1,'2024-09-20 00:00:00'),(390,'student004',321,1,NULL),(391,'student021',369,1,'2024-10-19 00:00:00'),(392,'student015',273,1,NULL),(393,'student020',307,1,'2024-09-07 00:00:00'),(394,'student012',334,1,'2024-08-24 00:00:00'),(395,'student008',290,1,'2024-08-22 00:00:00'),(396,'student024',339,1,NULL),(397,'student010',369,1,'2024-08-11 00:00:00'),(398,'student011',350,1,'2024-10-02 00:00:00'),(399,'student007',314,1,NULL),(400,'student019',297,1,NULL),(401,'student004',289,0,'2024-08-22 00:00:00'),(402,'student004',287,1,NULL),(403,'student006',339,1,'2024-09-29 00:00:00'),(404,'student017',299,1,'2024-09-25 00:00:00'),(405,'student008',274,0,NULL),(406,'student010',370,0,'2024-08-10 00:00:00'),(407,'student010',404,1,'2024-09-02 00:00:00'),(408,'student017',305,1,NULL),(409,'student008',282,0,'2024-09-23 00:00:00'),(410,'student016',405,1,NULL),(411,'student024',288,0,'2024-08-16 00:00:00'),(412,'student004',350,1,'2024-09-15 00:00:00'),(413,'student019',312,0,'2024-08-27 00:00:00'),(414,'student012',383,1,'2024-09-08 00:00:00'),(415,'student003',310,0,'2024-09-10 00:00:00'),(416,'student019',401,0,'2024-09-17 00:00:00'),(417,'student004',391,1,'2024-08-15 00:00:00'),(418,'student002',279,1,'2024-09-18 00:00:00'),(419,'student014',360,1,NULL),(420,'student011',284,1,'2024-09-26 00:00:00'),(421,'student024',379,1,'2024-10-21 00:00:00'),(422,'student012',403,1,'2024-08-26 00:00:00'),(423,'student004',356,0,'2024-10-04 00:00:00'),(424,'student008',375,0,'2024-09-25 00:00:00'),(425,'student021',293,1,'2024-10-20 00:00:00'),(426,'student022',374,1,'2024-09-30 00:00:00'),(427,'student005',388,1,'2024-09-01 00:00:00'),(428,'student011',346,1,'2024-08-26 00:00:00'),(429,'student020',359,0,'2024-09-29 00:00:00'),(430,'student002',294,1,'2024-10-11 00:00:00'),(431,'student013',263,1,NULL),(432,'student025',320,1,'2024-10-05 00:00:00'),(433,'student019',306,0,NULL),(434,'student007',312,1,NULL),(435,'student019',266,0,'2024-07-30 00:00:00'),(436,'student002',291,1,NULL),(437,'student024',341,0,'2024-07-27 00:00:00'),(438,'student018',345,1,'2024-08-17 00:00:00'),(439,'student006',395,0,'2024-10-15 00:00:00'),(440,'student022',368,0,NULL),(441,'student004',273,0,'2024-08-23 00:00:00'),(442,'student022',312,1,NULL),(443,'student015',306,1,'2024-08-25 00:00:00'),(444,'student025',266,0,'2024-08-26 00:00:00'),(445,'student009',314,1,'2024-08-24 00:00:00'),(446,'student019',387,1,'2024-08-11 00:00:00'),(447,'student004',349,1,'2024-09-29 00:00:00'),(448,'student007',313,1,'2024-09-14 00:00:00'),(449,'student009',398,1,'2024-08-28 00:00:00'),(450,'student020',361,0,NULL),(451,'student009',322,1,NULL),(452,'student018',344,0,NULL),(453,'student009',305,0,'2024-08-07 00:00:00'),(454,'student017',358,1,NULL),(455,'student008',260,1,'2024-08-31 00:00:00'),(456,'student002',380,1,NULL),(457,'student009',267,1,'2024-07-30 00:00:00'),(458,'student020',377,0,'2024-10-03 00:00:00'),(459,'student017',298,1,'2024-08-03 00:00:00'),(460,'student014',393,1,NULL),(461,'student008',308,0,NULL),(462,'student020',383,1,'2024-07-31 00:00:00'),(463,'student019',318,1,'2024-10-09 00:00:00'),(464,'student002',381,1,NULL),(465,'student022',268,1,'2024-08-28 00:00:00'),(466,'student010',264,0,'2024-10-14 00:00:00'),(467,'student006',320,0,'2024-08-20 00:00:00'),(468,'student023',382,1,NULL),(469,'student006',338,0,'2024-08-28 00:00:00'),(470,'student019',331,1,NULL),(471,'student003',356,1,'2024-09-05 00:00:00'),(472,'student015',256,1,'2024-10-16 00:00:00'),(473,'student008',286,0,NULL),(474,'student005',392,0,'2024-08-14 00:00:00'),(475,'student006',387,0,'2024-10-21 00:00:00'),(476,'student023',327,1,'2024-09-30 00:00:00'),(477,'student010',397,1,'2024-09-26 00:00:00'),(478,'student016',361,1,'2024-07-28 00:00:00'),(479,'student017',349,0,'2024-09-26 00:00:00'),(480,'student004',263,1,'2024-08-13 00:00:00'),(481,'student017',268,1,NULL),(482,'student007',343,1,'2024-08-17 00:00:00'),(483,'student020',331,1,'2024-09-15 00:00:00'),(484,'student013',264,1,NULL),(485,'student012',380,1,'2024-08-20 00:00:00'),(486,'student023',304,1,'2024-08-25 00:00:00'),(487,'student014',380,1,NULL),(488,'student008',284,1,'2024-08-17 00:00:00'),(489,'student018',354,0,'2024-08-15 00:00:00'),(490,'student003',265,0,'2024-08-20 00:00:00'),(491,'student024',320,1,'2024-08-06 00:00:00'),(492,'student004',266,1,'2024-09-11 00:00:00'),(493,'student004',363,0,NULL),(494,'student004',362,1,'2024-08-02 00:00:00'),(495,'student022',346,0,'2024-08-17 00:00:00'),(496,'student002',274,1,'2024-09-08 00:00:00'),(497,'student017',392,1,'2024-09-24 00:00:00'),(498,'student023',294,1,'2024-09-04 00:00:00'),(499,'student006',388,1,'2024-10-13 00:00:00'),(500,'student020',309,1,'2024-10-06 00:00:00'),(501,'student017',267,0,'2024-10-20 00:00:00'),(502,'student014',333,1,'2024-09-30 00:00:00'),(503,'student025',389,1,'2024-10-02 00:00:00'),(504,'student017',329,1,'2024-10-12 00:00:00'),(505,'student009',271,1,'2024-08-25 00:00:00'),(506,'student001',317,1,NULL),(507,'student009',315,1,'2024-09-21 00:00:00'),(508,'student020',324,0,'2024-08-17 00:00:00'),(509,'student018',298,0,'2024-08-22 00:00:00'),(510,'student012',402,1,'2024-09-21 00:00:00'),(511,'student022',272,0,'2024-09-12 00:00:00'),(512,'student002',327,1,NULL),(513,'student020',332,1,'2024-10-21 00:00:00'),(514,'student009',309,1,NULL),(515,'student002',266,0,'2024-08-31 00:00:00'),(516,'student001',322,1,NULL),(517,'student004',355,1,NULL),(518,'student004',261,1,NULL),(519,'student019',303,1,'2024-08-24 00:00:00'),(520,'student022',275,1,'2024-09-06 00:00:00'),(521,'student012',327,1,'2024-08-30 00:00:00'),(522,'student020',268,0,NULL),(523,'student004',392,1,'2024-10-21 00:00:00'),(524,'student004',348,1,NULL),(525,'student012',377,1,'2024-09-28 00:00:00'),(526,'student022',361,1,'2024-10-05 00:00:00'),(527,'student004',336,0,'2024-08-01 00:00:00'),(528,'student003',331,1,'2024-08-21 00:00:00'),(529,'student013',351,0,'2024-07-30 00:00:00'),(530,'student002',298,1,'2024-10-13 00:00:00'),(531,'student009',290,0,'2024-10-22 00:00:00'),(532,'student008',278,1,'2024-10-13 00:00:00'),(533,'student004',267,1,NULL),(534,'student007',308,1,'2024-09-27 00:00:00'),(535,'student012',302,1,'2024-09-23 00:00:00'),(536,'student008',283,1,NULL),(537,'student017',344,1,'2024-09-30 00:00:00'),(538,'student014',371,1,'2024-09-29 00:00:00'),(539,'student018',390,1,'2024-09-01 00:00:00'),(540,'student019',399,0,'2024-10-10 00:00:00'),(541,'student010',333,0,'2024-08-09 00:00:00'),(542,'student001',272,1,'2024-09-09 00:00:00'),(543,'student003',256,0,'2024-08-14 00:00:00'),(544,'student010',373,1,'2024-09-24 00:00:00'),(545,'student006',403,1,'2024-10-01 00:00:00'),(546,'student004',288,1,'2024-08-11 00:00:00'),(547,'student016',359,0,'2024-08-29 00:00:00'),(548,'student022',332,0,'2024-08-21 00:00:00'),(549,'student020',312,1,'2024-08-11 00:00:00'),(550,'student005',327,1,'2024-09-23 00:00:00'),(551,'student006',278,0,'2024-10-06 00:00:00'),(552,'student013',400,1,'2024-07-27 00:00:00'),(553,'student018',388,0,'2024-09-05 00:00:00'),(554,'student003',319,0,'2024-10-09 00:00:00'),(555,'student017',393,0,'2024-08-25 00:00:00'),(556,'student017',355,0,'2024-08-23 00:00:00'),(557,'student025',332,0,'2024-09-04 00:00:00'),(558,'student009',310,1,'2024-07-31 00:00:00'),(559,'student013',365,0,NULL),(560,'student016',401,1,'2024-09-03 00:00:00'),(561,'student012',331,1,'2024-10-02 00:00:00'),(562,'student011',363,1,'2024-09-04 00:00:00'),(563,'student012',276,1,'2024-08-19 00:00:00'),(564,'student011',372,1,NULL),(565,'student012',332,1,NULL),(566,'student006',343,0,NULL),(567,'student022',347,1,'2024-09-01 00:00:00'),(568,'student019',328,1,'2024-10-11 00:00:00'),(569,'student020',358,1,'2024-09-11 00:00:00'),(570,'student018',304,1,NULL),(571,'student001',324,0,NULL),(572,'student009',270,1,NULL),(573,'student020',317,1,NULL),(574,'student020',256,1,'2024-09-12 00:00:00'),(575,'student024',384,1,'2024-09-30 00:00:00'),(576,'student014',326,0,NULL),(577,'student023',287,1,NULL),(578,'student013',256,1,'2024-08-14 00:00:00'),(579,'student013',402,0,'2024-09-18 00:00:00'),(580,'student019',325,1,NULL),(581,'student017',343,1,'2024-09-09 00:00:00'),(582,'student024',381,1,'2024-07-28 00:00:00'),(583,'student006',256,1,'2024-10-15 00:00:00'),(584,'student012',304,1,'2024-09-09 00:00:00'),(585,'student014',357,1,NULL),(586,'student025',350,1,NULL),(587,'student002',296,0,NULL),(588,'student002',365,1,'2024-09-22 00:00:00'),(589,'student022',319,0,'2024-08-08 00:00:00'),(590,'student007',299,1,'2024-07-29 00:00:00'),(591,'student021',374,1,NULL),(592,'student024',399,1,'2024-08-01 00:00:00'),(593,'student004',285,0,'2024-07-27 00:00:00'),(594,'student017',394,0,NULL),(595,'student003',314,0,'2024-10-11 00:00:00'),(596,'student010',399,0,'2024-08-31 00:00:00'),(597,'student017',304,1,'2024-09-26 00:00:00'),(598,'student005',279,1,'2024-08-05 00:00:00'),(599,'student009',340,1,NULL),(600,'student002',293,0,'2024-09-16 00:00:00'),(601,'student025',367,1,NULL),(602,'student022',327,1,NULL),(603,'student004',294,1,NULL),(604,'student006',341,1,'2024-10-10 00:00:00'),(605,'student010',312,0,'2024-09-04 00:00:00'),(606,'student015',311,1,'2024-07-27 00:00:00'),(607,'student003',361,0,'2024-10-13 00:00:00'),(608,'student019',375,1,'2024-09-09 00:00:00'),(609,'student013',330,1,'2024-08-30 00:00:00'),(610,'student005',334,0,'2024-09-21 00:00:00'),(611,'student019',314,1,'2024-09-29 00:00:00'),(612,'student010',336,0,NULL),(613,'student001',268,1,'2024-09-24 00:00:00'),(614,'student012',298,1,'2024-09-05 00:00:00'),(615,'student008',287,0,'2024-10-13 00:00:00'),(616,'student009',333,1,NULL),(617,'student022',370,1,'2024-08-23 00:00:00'),(618,'student022',269,1,'2024-08-23 00:00:00'),(619,'student010',374,0,'2024-08-13 00:00:00'),(620,'student018',339,0,'2024-09-19 00:00:00'),(621,'student005',341,1,'2024-09-23 00:00:00'),(622,'student021',338,1,NULL),(623,'student014',392,1,'2024-10-15 00:00:00'),(624,'student001',262,1,'2024-10-14 00:00:00'),(625,'student002',326,1,'2024-10-18 00:00:00'),(626,'student006',294,1,NULL),(627,'student004',386,1,NULL),(628,'student002',295,1,'2024-09-11 00:00:00'),(629,'student010',402,1,'2024-10-23 00:00:00'),(630,'student004',358,1,'2024-10-17 00:00:00'),(631,'student018',340,0,'2024-08-07 00:00:00'),(632,'student002',278,1,NULL),(633,'student002',356,0,'2024-08-28 00:00:00'),(634,'student007',350,1,'2024-09-13 00:00:00'),(635,'student014',280,1,'2024-10-21 00:00:00'),(636,'student004',269,1,'2024-10-06 00:00:00'),(637,'student014',278,1,'2024-07-30 00:00:00'),(638,'student015',265,0,'2024-09-04 00:00:00'),(639,'student015',261,1,NULL),(640,'student024',271,1,'2024-09-20 00:00:00'),(641,'student010',337,1,NULL),(642,'student020',273,1,'2024-10-03 00:00:00'),(643,'student010',280,1,'2024-08-15 00:00:00'),(644,'student010',284,0,'2024-09-03 00:00:00'),(645,'student025',267,1,'2024-08-14 00:00:00'),(646,'student025',275,1,'2024-09-04 00:00:00'),(647,'student006',284,0,'2024-08-06 00:00:00'),(648,'student010',279,1,NULL),(649,'student014',377,1,'2024-09-17 00:00:00'),(650,'student025',354,0,'2024-10-21 00:00:00'),(651,'student023',289,1,NULL),(652,'student018',272,0,NULL),(653,'student018',342,1,'2024-10-01 00:00:00'),(654,'student014',372,1,'2024-08-19 00:00:00'),(655,'student013',257,1,NULL),(656,'student022',356,1,NULL),(657,'student025',314,0,NULL),(658,'student010',308,0,'2024-08-15 00:00:00'),(659,'student006',283,0,NULL),(660,'student003',403,0,'2024-07-30 00:00:00'),(661,'student006',337,0,'2024-08-31 00:00:00'),(662,'student013',350,0,'2024-08-30 00:00:00'),(663,'student006',270,1,'2024-08-10 00:00:00'),(664,'student001',308,1,'2024-09-21 00:00:00'),(665,'student010',283,1,NULL),(666,'student001',270,1,'2024-10-15 00:00:00'),(667,'student006',258,1,'2024-09-07 00:00:00'),(668,'student018',296,1,'2024-07-27 00:00:00'),(669,'student021',383,0,NULL),(670,'student005',358,0,'2024-08-25 00:00:00'),(671,'student018',361,1,NULL),(672,'student025',268,0,NULL),(673,'student025',325,0,'2024-09-20 00:00:00'),(674,'student019',386,0,NULL),(675,'student022',378,1,'2024-08-04 00:00:00'),(676,'student005',356,1,'2024-07-27 00:00:00'),(677,'student023',396,0,'2024-09-01 00:00:00'),(678,'student018',389,1,'2024-10-21 00:00:00'),(679,'student024',340,0,'2024-08-04 00:00:00'),(680,'student014',303,1,'2024-08-14 00:00:00'),(681,'student020',379,1,'2024-08-24 00:00:00'),(682,'student013',328,1,'2024-10-15 00:00:00'),(683,'student024',344,0,'2024-08-25 00:00:00'),(684,'student009',262,1,NULL),(685,'student018',268,1,NULL),(686,'student009',324,1,'2024-09-15 00:00:00'),(687,'student010',277,0,'2024-09-30 00:00:00'),(688,'student025',327,1,NULL),(689,'student022',323,1,'2024-10-09 00:00:00'),(690,'student015',262,1,NULL),(691,'student022',351,1,'2024-08-08 00:00:00'),(692,'student012',303,1,NULL),(693,'student023',385,1,'2024-10-01 00:00:00'),(694,'student004',379,1,NULL),(695,'student001',275,1,'2024-09-28 00:00:00'),(696,'student008',313,1,'2024-09-01 00:00:00'),(697,'student010',266,1,'2024-08-04 00:00:00'),(698,'student009',311,1,NULL),(699,'student017',389,1,'2024-09-10 00:00:00'),(700,'student006',324,1,'2024-08-08 00:00:00'),(701,'student005',330,1,'2024-10-09 00:00:00'),(702,'student021',388,1,'2024-10-19 00:00:00'),(703,'student019',285,1,'2024-10-10 00:00:00'),(704,'student014',373,0,'2024-08-04 00:00:00'),(705,'student019',274,1,'2024-10-10 00:00:00'),(706,'student009',337,1,NULL),(707,'student023',267,1,NULL),(708,'student023',275,0,'2024-10-10 00:00:00'),(709,'student005',260,0,NULL),(710,'student005',338,1,'2024-09-04 00:00:00'),(711,'student005',387,1,'2024-09-15 00:00:00'),(712,'student016',334,1,'2024-10-23 00:00:00'),(713,'student017',362,1,'2024-10-09 00:00:00'),(714,'student019',300,1,'2024-10-04 00:00:00'),(715,'student018',387,0,'2024-08-02 00:00:00'),(716,'student010',334,1,'2024-09-25 00:00:00'),(717,'student013',342,1,'2024-10-20 00:00:00'),(718,'student001',394,1,'2024-07-29 00:00:00'),(719,'student017',364,0,'2024-08-12 00:00:00'),(720,'student018',353,1,'2024-10-01 00:00:00'),(721,'student012',330,1,'2024-08-10 00:00:00'),(722,'student008',309,1,NULL),(723,'student008',258,0,'2024-09-16 00:00:00'),(724,'student017',372,1,'2024-09-18 00:00:00'),(725,'student005',337,1,'2024-09-05 00:00:00'),(726,'student022',375,1,'2024-08-29 00:00:00'),(727,'student002',258,0,'2024-08-12 00:00:00'),(728,'student013',364,1,'2024-07-29 00:00:00'),(729,'student020',351,1,'2024-10-08 00:00:00'),(730,'student019',320,0,NULL),(731,'student017',367,0,NULL),(732,'student022',348,1,'2024-09-14 00:00:00'),(733,'student019',301,1,'2024-09-17 00:00:00'),(734,'student005',391,0,'2024-10-04 00:00:00'),(735,'student020',314,0,'2024-08-18 00:00:00'),(736,'student006',271,0,'2024-10-05 00:00:00'),(737,'student021',289,0,'2024-10-20 00:00:00'),(738,'student009',302,1,'2024-08-13 00:00:00'),(739,'student004',376,1,'2024-08-02 00:00:00'),(740,'student025',370,1,NULL),(741,'student010',343,1,'2024-09-06 00:00:00'),(742,'student014',381,0,'2024-08-30 00:00:00'),(743,'student001',320,1,'2024-10-09 00:00:00'),(744,'student009',320,0,'2024-10-19 00:00:00'),(745,'student023',380,1,'2024-09-28 00:00:00'),(746,'student017',275,1,'2024-08-09 00:00:00'),(747,'student014',383,1,NULL),(748,'student024',272,1,'2024-08-13 00:00:00'),(749,'student012',359,1,'2024-09-18 00:00:00'),(750,'student007',353,0,NULL),(751,'student005',276,1,'2024-08-17 00:00:00'),(752,'student012',398,0,'2024-08-27 00:00:00'),(753,'student011',357,0,'2024-09-24 00:00:00'),(754,'student004',280,1,'2024-08-07 00:00:00'),(755,'student006',389,0,NULL),(756,'student002',303,1,'2024-08-04 00:00:00'),(757,'student004',342,1,NULL),(758,'student001',269,1,NULL),(759,'student004',334,0,NULL),(760,'student005',342,1,'2024-09-05 00:00:00'),(761,'student001',321,0,'2024-09-13 00:00:00'),(762,'student010',366,1,'2024-09-18 00:00:00'),(763,'student004',327,0,NULL),(764,'student014',369,0,NULL),(765,'student017',327,1,'2024-10-23 00:00:00'),(766,'student009',341,1,'2024-08-08 00:00:00'),(767,'student005',274,0,NULL),(768,'student004',351,1,'2024-10-08 00:00:00'),(769,'student010',371,0,'2024-10-07 00:00:00'),(770,'student025',317,1,'2024-09-29 00:00:00'),(771,'student006',292,1,NULL),(772,'student019',367,1,'2024-07-29 00:00:00'),(773,'student018',269,1,NULL),(774,'student009',308,1,'2024-08-08 00:00:00'),(775,'student007',340,1,NULL),(776,'student011',393,1,NULL),(777,'student002',328,1,'2024-08-31 00:00:00'),(778,'student016',397,1,'2024-10-14 00:00:00'),(779,'student022',385,1,'2024-09-23 00:00:00'),(780,'student018',302,1,NULL),(781,'student011',336,1,'2024-10-12 00:00:00'),(782,'student023',300,0,NULL),(783,'student018',284,1,NULL),(784,'student022',369,1,'2024-08-10 00:00:00'),(785,'student010',309,1,'2024-09-01 00:00:00'),(786,'student013',403,1,'2024-10-18 00:00:00'),(787,'student001',393,1,'2024-08-02 00:00:00'),(788,'student012',384,0,'2024-08-25 00:00:00'),(789,'student021',286,1,'2024-08-24 00:00:00'),(790,'student009',344,0,'2024-07-30 00:00:00'),(791,'student014',334,1,'2024-09-14 00:00:00'),(792,'student017',334,1,'2024-10-16 00:00:00'),(793,'student014',370,1,'2024-08-21 00:00:00'),(794,'student014',356,1,NULL),(795,'student018',349,1,'2024-07-29 00:00:00'),(796,'student004',389,1,NULL),(797,'student019',403,1,NULL),(798,'student023',259,0,'2024-08-26 00:00:00'),(799,'student019',333,1,'2024-10-24 00:00:00'),(800,'student020',326,1,'2024-09-13 00:00:00'),(801,'student007',260,1,NULL),(802,'student004',281,0,'2024-09-19 00:00:00'),(803,'student021',342,1,NULL),(804,'student006',386,1,NULL),(805,'student019',369,1,'2024-10-03 00:00:00'),(806,'student004',331,0,'2024-09-17 00:00:00'),(807,'student021',347,0,NULL),(808,'student019',284,0,'2024-10-22 00:00:00'),(809,'student009',404,0,'2024-08-24 00:00:00'),(810,'student004',340,0,NULL),(811,'student023',273,0,NULL),(812,'student025',273,1,'2024-08-01 00:00:00'),(813,'student020',347,0,'2024-08-20 00:00:00'),(814,'student022',350,1,'2024-07-29 00:00:00'),(815,'student006',276,1,'2024-10-11 00:00:00'),(816,'student020',275,1,'2024-10-22 00:00:00'),(817,'student018',338,0,'2024-09-25 00:00:00'),(818,'student024',402,1,'2024-09-13 00:00:00'),(819,'student004',276,0,NULL),(820,'student001',310,0,NULL),(821,'student009',382,1,'2024-08-01 00:00:00'),(822,'student002',264,1,'2024-07-27 00:00:00'),(823,'student003',308,1,NULL),(824,'student002',362,1,'2024-09-15 00:00:00'),(825,'student025',374,1,'2024-09-14 00:00:00'),(826,'student013',349,1,'2024-08-23 00:00:00'),(827,'student007',303,0,NULL),(828,'student022',314,1,'2024-09-09 00:00:00'),(829,'student024',359,0,NULL),(830,'student020',371,0,NULL),(831,'student003',318,0,'2024-10-24 00:00:00'),(832,'student007',306,1,'2024-10-08 00:00:00'),(833,'student007',310,0,NULL),(834,'student010',278,0,'2024-10-02 00:00:00'),(835,'student021',326,0,'2024-08-24 00:00:00'),(836,'student004',318,1,'2024-09-07 00:00:00'),(837,'student009',273,1,NULL),(838,'student004',374,1,NULL),(839,'student010',338,1,'2024-09-17 00:00:00'),(840,'student018',347,1,'2024-09-19 00:00:00'),(841,'student010',329,1,'2024-07-27 00:00:00'),(842,'student012',299,0,'2024-09-02 00:00:00'),(843,'student016',360,1,'2024-10-18 00:00:00'),(844,'student006',325,0,NULL),(845,'student022',353,1,'2024-09-29 00:00:00'),(846,'student004',337,0,NULL),(847,'student003',372,1,'2024-09-04 00:00:00'),(848,'student023',378,1,NULL),(849,'student012',284,0,NULL),(850,'student021',377,1,NULL),(851,'student008',264,0,NULL),(852,'student003',404,1,'2024-09-18 00:00:00'),(853,'student011',279,0,NULL),(854,'student009',381,1,'2024-10-11 00:00:00'),(855,'student001',314,0,'2024-08-28 00:00:00'),(856,'student006',404,0,'2024-08-03 00:00:00'),(857,'student017',326,0,NULL),(858,'student025',328,1,'2024-09-20 00:00:00'),(859,'student014',296,1,'2024-07-31 00:00:00'),(860,'student025',357,1,'2024-08-13 00:00:00'),(861,'student025',346,0,'2024-09-10 00:00:00'),(862,'student010',405,0,'2024-10-06 00:00:00'),(863,'student005',351,1,'2024-08-08 00:00:00'),(864,'student002',272,0,NULL),(865,'student017',395,1,'2024-10-14 00:00:00'),(866,'student007',377,0,NULL),(867,'student025',360,1,'2024-09-01 00:00:00'),(868,'student023',376,0,NULL),(869,'student004',299,1,NULL),(870,'student008',370,1,'2024-08-12 00:00:00'),(871,'student012',400,1,NULL),(872,'student004',357,0,NULL),(873,'student012',329,1,NULL),(874,'student008',275,1,'2024-10-12 00:00:00'),(875,'student017',274,0,'2024-08-19 00:00:00'),(876,'student017',266,1,'2024-08-05 00:00:00'),(877,'student010',307,1,'2024-08-17 00:00:00'),(878,'student012',278,1,'2024-08-28 00:00:00'),(879,'student005',345,1,'2024-09-17 00:00:00'),(880,'student021',373,1,'2024-09-06 00:00:00'),(881,'student001',258,1,'2024-10-03 00:00:00'),(882,'student020',354,0,'2024-09-18 00:00:00'),(883,'student020',322,1,'2024-08-28 00:00:00'),(884,'student018',351,1,'2024-07-29 00:00:00'),(885,'student010',403,1,'2024-08-24 00:00:00'),(886,'student009',261,1,'2024-10-24 00:00:00'),(887,'student006',286,0,'2024-08-02 00:00:00'),(888,'student011',345,1,'2024-10-05 00:00:00'),(889,'student009',300,0,NULL),(890,'student018',279,0,'2024-08-30 00:00:00'),(891,'student005',359,1,'2024-10-09 00:00:00'),(892,'student024',405,1,'2024-10-09 00:00:00'),(893,'student012',382,1,'2024-08-03 00:00:00'),(894,'student020',262,0,'2024-09-11 00:00:00'),(895,'student020',366,0,NULL),(896,'student022',307,1,'2024-08-23 00:00:00'),(897,'student018',337,1,'2024-09-04 00:00:00'),(898,'student012',404,0,'2024-08-24 00:00:00'),(899,'student002',376,0,'2024-10-15 00:00:00'),(900,'student009',327,1,'2024-09-15 00:00:00'),(901,'student021',370,1,'2024-09-04 00:00:00'),(902,'student009',323,1,'2024-09-08 00:00:00'),(903,'student007',301,1,'2024-09-04 00:00:00'),(904,'student003',309,0,NULL),(905,'student021',333,0,'2024-09-15 00:00:00'),(906,'student021',393,1,'2024-10-05 00:00:00'),(907,'student005',261,1,'2024-08-02 00:00:00'),(908,'student019',272,1,'2024-07-31 00:00:00'),(909,'student014',301,1,'2024-10-08 00:00:00'),(910,'student024',358,1,'2024-10-01 00:00:00'),(911,'student007',309,0,NULL),(912,'student004',277,0,'2024-09-09 00:00:00'),(913,'student008',373,1,NULL),(914,'student003',312,1,NULL),(915,'student010',269,0,'2024-08-24 00:00:00'),(916,'student002',286,1,'2024-10-06 00:00:00'),(917,'student012',301,1,'2024-09-15 00:00:00'),(918,'student014',364,0,NULL),(919,'student003',264,1,'2024-10-05 00:00:00'),(920,'student013',337,1,'2024-09-09 00:00:00'),(921,'student016',276,1,'2024-09-10 00:00:00'),(922,'student009',332,1,'2024-10-04 00:00:00'),(923,'student025',351,1,'2024-09-13 00:00:00'),(924,'student017',356,0,'2024-10-05 00:00:00'),(925,'student001',257,0,NULL),(926,'student017',363,1,'2024-10-10 00:00:00'),(927,'student014',332,0,'2024-08-15 00:00:00'),(928,'student012',296,1,'2024-09-11 00:00:00'),(929,'student013',340,0,NULL),(930,'student007',348,1,NULL),(931,'student017',352,1,'2024-08-15 00:00:00'),(932,'student004',330,1,'2024-10-10 00:00:00'),(933,'student010',313,1,'2024-08-20 00:00:00'),(934,'student023',292,0,'2024-10-10 00:00:00'),(935,'student009',402,1,NULL),(936,'student009',295,0,'2024-08-04 00:00:00'),(937,'student009',257,1,'2024-09-08 00:00:00'),(938,'student014',396,1,'2024-08-08 00:00:00'),(939,'student024',400,1,NULL),(940,'student024',259,1,'2024-09-04 00:00:00'),(941,'student009',405,0,NULL),(942,'student016',282,1,'2024-08-28 00:00:00'),(943,'student019',302,1,NULL),(944,'student014',404,1,'2024-08-25 00:00:00'),(945,'student007',311,0,'2024-10-17 00:00:00'),(946,'student018',362,1,'2024-09-11 00:00:00'),(947,'student004',367,1,'2024-09-03 00:00:00'),(948,'student006',261,1,NULL),(949,'student012',361,0,NULL),(950,'student010',396,1,'2024-09-08 00:00:00'),(951,'student024',317,1,'2024-07-27 00:00:00'),(952,'student014',323,1,'2024-08-08 00:00:00'),(953,'student004',302,1,NULL),(954,'student019',304,0,'2024-09-01 00:00:00'),(955,'student004',305,1,'2024-10-12 00:00:00'),(956,'student006',398,1,'2024-08-18 00:00:00'),(957,'student025',270,0,NULL),(958,'student025',371,1,'2024-10-16 00:00:00'),(959,'student009',379,0,'2024-09-26 00:00:00'),(960,'student022',324,1,NULL),(961,'student006',285,1,'2024-09-02 00:00:00'),(962,'student011',388,0,'2024-09-11 00:00:00'),(963,'student004',271,1,'2024-10-06 00:00:00'),(964,'student014',394,1,'2024-09-15 00:00:00'),(965,'student006',273,0,'2024-09-07 00:00:00'),(966,'student011',276,1,NULL),(967,'student025',272,1,'2024-08-19 00:00:00'),(968,'student006',260,1,'2024-10-05 00:00:00'),(969,'student023',265,1,'2024-09-24 00:00:00'),(970,'student025',316,1,'2024-10-22 00:00:00'),(971,'student021',384,1,NULL),(972,'student009',304,1,NULL),(973,'student022',310,1,'2024-09-03 00:00:00'),(974,'student010',260,1,NULL),(975,'student019',263,1,'2024-10-07 00:00:00'),(976,'student019',393,1,'2024-09-06 00:00:00'),(977,'student004',291,0,NULL),(978,'student004',325,1,NULL),(979,'student001',267,1,'2024-09-26 00:00:00'),(980,'student019',281,0,'2024-09-03 00:00:00'),(981,'student001',390,1,'2024-09-08 00:00:00'),(982,'student015',307,0,'2024-08-29 00:00:00'),(983,'student009',286,1,'2024-10-17 00:00:00'),(984,'student011',389,1,'2024-09-06 00:00:00'),(985,'student004',323,1,NULL),(986,'student020',323,1,'2024-09-29 00:00:00'),(987,'student014',378,0,'2024-10-09 00:00:00'),(988,'student007',346,1,NULL),(989,'student006',405,1,NULL),(990,'student015',310,0,NULL),(991,'student001',319,1,'2024-10-03 00:00:00'),(992,'student020',356,1,NULL),(993,'student018',336,0,'2024-10-17 00:00:00'),(994,'student002',297,1,NULL),(995,'student010',367,0,NULL),(996,'student005',282,1,NULL),(997,'student025',331,0,'2024-09-30 00:00:00'),(998,'student015',272,1,NULL),(999,'student014',402,1,NULL),(1000,'student008',289,1,'2024-09-23 00:00:00'),(1001,'student007',347,1,NULL),(1002,'student001',260,1,'2024-09-07 00:00:00'),(1003,'student011',339,0,'2024-10-02 00:00:00'),(1004,'student007',264,1,'2024-09-30 00:00:00'),(1005,'student012',326,1,'2024-10-10 00:00:00'),(1006,'student023',261,1,'2024-08-19 00:00:00'),(1007,'student020',259,1,NULL),(1008,'student002',364,1,'2024-10-08 00:00:00'),(1009,'student002',257,1,'2024-09-12 00:00:00'),(1010,'student002',379,0,'2024-09-10 00:00:00'),(1011,'student005',353,1,'2024-10-14 00:00:00'),(1012,'student001',331,1,'2024-10-01 00:00:00'),(1013,'student019',323,1,'2024-09-29 00:00:00'),(1014,'student009',312,1,NULL),(1015,'student023',329,1,NULL),(1016,'student021',343,1,'2024-08-10 00:00:00'),(1017,'student021',329,1,'2024-08-05 00:00:00'),(1018,'student010',368,0,'2024-10-23 00:00:00'),(1019,'student023',330,1,NULL),(1020,'student004',381,1,NULL),(1021,'student003',262,1,NULL),(1022,'student007',304,0,'2024-09-05 00:00:00'),(1023,'student006',288,0,'2024-10-02 00:00:00'),(1024,'student023',397,1,'2024-10-14 00:00:00'),(1025,'student022',313,1,NULL),(1026,'student023',400,1,'2024-08-10 00:00:00'),(1027,'student014',327,1,'2024-09-16 00:00:00'),(1028,'student025',388,0,'2024-10-21 00:00:00'),(1029,'student004',364,0,'2024-08-19 00:00:00'),(1030,'student010',314,0,'2024-09-13 00:00:00'),(1031,'student024',376,1,'2024-10-04 00:00:00'),(1032,'student007',382,1,'2024-09-04 00:00:00'),(1033,'student021',344,1,'2024-09-12 00:00:00'),(1034,'student002',275,1,'2024-10-04 00:00:00'),(1035,'student019',402,0,NULL),(1036,'student025',393,1,NULL),(1037,'student009',313,1,'2024-09-14 00:00:00'),(1038,'student020',306,0,'2024-10-23 00:00:00'),(1039,'student007',307,1,'2024-08-22 00:00:00'),(1040,'student019',283,0,'2024-09-05 00:00:00'),(1041,'student011',390,1,'2024-08-21 00:00:00'),(1042,'student019',256,1,'2024-08-31 00:00:00'),(1043,'student025',334,0,'2024-09-14 00:00:00'),(1044,'student005',361,1,'2024-10-12 00:00:00'),(1045,'student005',340,1,'2024-09-30 00:00:00'),(1046,'student018',359,1,'2024-08-03 00:00:00'),(1047,'student009',383,1,'2024-09-21 00:00:00'),(1048,'student007',367,1,'2024-10-10 00:00:00'),(1049,'student013',356,1,NULL),(1050,'student020',335,1,'2024-09-15 00:00:00'),(1051,'student017',369,1,'2024-08-20 00:00:00'),(1052,'student006',287,1,'2024-09-21 00:00:00'),(1053,'student014',300,0,'2024-09-12 00:00:00'),(1054,'student021',345,0,'2024-08-03 00:00:00'),(1055,'student007',366,1,'2024-08-03 00:00:00'),(1056,'student011',349,1,'2024-10-04 00:00:00'),(1057,'student019',313,1,NULL),(1058,'student019',317,1,'2024-09-11 00:00:00'),(1059,'student013',326,1,'2024-09-24 00:00:00'),(1060,'student017',340,0,'2024-09-09 00:00:00'),(1061,'student001',333,1,'2024-09-27 00:00:00'),(1062,'student003',261,1,'2024-10-05 00:00:00'),(1063,'student009',303,0,'2024-10-09 00:00:00'),(1064,'student021',375,1,NULL),(1065,'student011',353,1,NULL),(1066,'student010',271,1,NULL),(1067,'student005',332,0,'2024-08-14 00:00:00'),(1068,'student022',325,1,'2024-08-06 00:00:00'),(1069,'student020',350,0,NULL),(1070,'student003',357,1,'2024-10-12 00:00:00'),(1071,'student003',306,1,NULL),(1072,'student014',316,0,NULL),(1073,'student017',300,1,NULL),(1074,'student020',263,0,'2024-10-23 00:00:00'),(1075,'student003',373,1,'2024-08-04 00:00:00'),(1076,'student016',356,1,'2024-07-31 00:00:00'),(1077,'student013',301,0,'2024-09-21 00:00:00'),(1078,'student011',337,0,'2024-08-02 00:00:00'),(1079,'student020',367,1,'2024-09-24 00:00:00'),(1080,'student014',385,1,NULL),(1081,'student023',402,1,'2024-08-15 00:00:00'),(1082,'student006',279,1,'2024-09-08 00:00:00'),(1083,'student017',301,0,'2024-08-08 00:00:00'),(1084,'student021',288,0,'2024-08-10 00:00:00'),(1085,'student002',261,1,'2024-09-20 00:00:00'),(1086,'student019',261,1,'2024-10-12 00:00:00'),(1087,'student005',258,1,'2024-09-07 00:00:00'),(1088,'student025',386,1,NULL),(1089,'student004',335,1,NULL),(1090,'student008',306,1,'2024-10-13 00:00:00'),(1091,'student020',269,0,'2024-09-18 00:00:00'),(1092,'student009',269,1,'2024-09-20 00:00:00'),(1093,'student010',340,1,NULL),(1094,'student022',318,1,'2024-08-23 00:00:00'),(1095,'student004',371,1,NULL),(1096,'student014',335,0,'2024-09-26 00:00:00'),(1097,'student002',333,1,'2024-09-19 00:00:00'),(1098,'student009',400,0,'2024-10-05 00:00:00'),(1099,'student020',363,1,NULL),(1100,'student018',283,0,NULL),(1101,'student003',400,1,NULL),(1102,'student010',275,1,NULL),(1103,'student009',289,0,'2024-09-29 00:00:00'),(1104,'student022',359,1,'2024-09-01 00:00:00'),(1105,'student003',260,0,'2024-07-30 00:00:00'),(1106,'student014',379,0,'2024-08-27 00:00:00'),(1107,'student022',329,1,NULL),(1108,'student003',315,0,NULL),(1109,'student023',299,1,'2024-08-11 00:00:00'),(1110,'student012',356,1,'2024-10-15 00:00:00'),(1111,'student005',278,1,'2024-09-04 00:00:00'),(1112,'student018',266,1,'2024-10-08 00:00:00'),(1113,'student020',360,1,NULL),(1114,'student023',383,1,NULL),(1115,'student011',360,1,NULL),(1116,'student010',268,1,'2024-08-31 00:00:00'),(1117,'student009',325,0,'2024-07-27 00:00:00'),(1118,'student018',343,1,'2024-09-05 00:00:00'),(1119,'student014',399,1,'2024-10-11 00:00:00'),(1120,'student025',361,1,'2024-07-28 00:00:00'),(1121,'student004',284,1,'2024-08-22 00:00:00'),(1122,'student021',353,1,'2024-10-24 00:00:00'),(1123,'student021',337,1,'2024-10-09 00:00:00'),(1124,'student002',360,1,'2024-08-18 00:00:00'),(1125,'student011',351,1,'2024-09-23 00:00:00'),(1126,'student006',316,1,NULL),(1127,'student019',262,0,'2024-07-30 00:00:00'),(1128,'student013',362,0,'2024-07-30 00:00:00'),(1129,'student009',301,1,'2024-09-28 00:00:00'),(1130,'student004',298,0,NULL),(1131,'student008',315,0,NULL),(1132,'student006',322,1,NULL),(1133,'student004',316,0,NULL),(1134,'student003',334,1,'2024-10-14 00:00:00'),(1135,'student015',270,0,'2024-08-09 00:00:00'),(1136,'student009',403,0,'2024-08-09 00:00:00'),(1137,'student002',330,1,'2024-08-18 00:00:00'),(1138,'student001',395,1,NULL),(1139,'student021',386,0,'2024-09-30 00:00:00'),(1140,'student022',315,0,NULL),(1141,'student021',346,1,NULL),(1142,'student007',373,1,NULL),(1143,'student006',257,1,NULL),(1144,'student021',351,1,NULL),(1145,'student014',382,1,'2024-09-01 00:00:00'),(1146,'student020',257,0,'2024-10-21 00:00:00'),(1147,'student021',382,0,'2024-09-13 00:00:00'),(1148,'student014',398,1,'2024-08-07 00:00:00'),(1149,'student009',336,1,NULL),(1150,'student004',286,1,'2024-09-25 00:00:00'),(1151,'student008',285,1,'2024-07-29 00:00:00'),(1152,'student004',329,1,'2024-08-05 00:00:00'),(1153,'student024',292,1,NULL),(1154,'student020',330,1,NULL),(1155,'student006',275,1,'2024-10-08 00:00:00'),(1156,'student016',402,1,NULL),(1157,'student003',375,0,'2024-08-15 00:00:00'),(1158,'student024',322,1,NULL),(1159,'student003',316,0,'2024-09-12 00:00:00'),(1160,'student009',263,1,NULL),(1161,'student004',345,1,'2024-08-25 00:00:00'),(1162,'student004',360,1,'2024-08-25 00:00:00'),(1163,'student013',361,1,'2024-10-09 00:00:00'),(1164,'student005',344,1,'2024-10-18 00:00:00'),(1165,'student023',266,1,'2024-09-04 00:00:00'),(1166,'student014',284,0,NULL),(1167,'student015',264,0,'2024-08-18 00:00:00'),(1168,'student005',285,1,NULL),(1169,'student023',256,1,NULL),(1170,'student021',328,0,'2024-09-01 00:00:00'),(1171,'student025',359,1,'2024-09-14 00:00:00'),(1172,'student023',268,1,NULL),(1173,'student007',339,1,'2024-10-18 00:00:00'),(1174,'student011',283,0,'2024-09-16 00:00:00'),(1175,'student016',404,0,'2024-10-01 00:00:00'),(1176,'student024',274,0,'2024-09-23 00:00:00'),(1177,'student007',370,1,'2024-08-15 00:00:00'),(1178,'student005',360,0,'2024-08-25 00:00:00'),(1179,'student004',258,1,'2024-10-01 00:00:00'),(1180,'student009',335,1,'2024-08-03 00:00:00'),(1181,'student011',370,0,'2024-09-22 00:00:00'),(1182,'student019',372,1,'2024-08-28 00:00:00'),(1183,'student004',339,1,'2024-08-10 00:00:00'),(1184,'student010',341,1,'2024-08-31 00:00:00'),(1185,'student008',295,0,'2024-09-01 00:00:00'),(1186,'student024',397,1,'2024-08-16 00:00:00'),(1187,'student025',368,1,NULL),(1188,'student001',307,1,'2024-10-03 00:00:00'),(1189,'student019',315,1,NULL),(1190,'student002',268,0,'2024-08-17 00:00:00'),(1191,'student017',375,1,'2024-09-04 00:00:00'),(1192,'student002',287,0,NULL),(1193,'student009',264,1,'2024-07-28 00:00:00'),(1194,'student004',295,0,'2024-09-30 00:00:00'),(1195,'student017',273,1,NULL),(1196,'student013',331,1,NULL),(1197,'student005',265,0,'2024-10-07 00:00:00'),(1198,'student021',349,1,'2024-10-13 00:00:00'),(1199,'student021',376,0,'2024-09-24 00:00:00'),(1200,'student007',261,1,'2024-09-22 00:00:00'),(1201,'student018',364,0,'2024-09-07 00:00:00'),(1202,'student005',256,0,'2024-09-12 00:00:00'),(1203,'student014',281,1,'2024-09-17 00:00:00'),(1204,'student006',344,1,NULL),(1205,'student004',353,1,NULL),(1206,'student003',371,1,'2024-09-08 00:00:00'),(1207,'student004',320,1,'2024-07-28 00:00:00'),(1208,'student005',283,1,NULL),(1209,'student008',271,0,'2024-10-04 00:00:00'),(1210,'student014',389,1,'2024-08-16 00:00:00'),(1211,'student015',260,1,'2024-10-03 00:00:00'),(1212,'student016',357,1,NULL),(1213,'student007',342,1,'2024-08-14 00:00:00'),(1214,'student014',330,1,'2024-09-28 00:00:00'),(1215,'student003',259,1,'2024-09-09 00:00:00'),(1216,'student017',269,1,NULL),(1217,'student025',347,1,NULL),(1218,'student011',352,1,'2024-08-21 00:00:00'),(1219,'student014',282,1,NULL),(1220,'student001',335,0,'2024-08-13 00:00:00'),(1221,'student001',312,1,'2024-10-11 00:00:00'),(1222,'student006',266,0,'2024-09-24 00:00:00'),(1223,'student024',264,0,'2024-09-05 00:00:00'),(1224,'student009',296,1,'2024-09-10 00:00:00'),(1225,'student021',339,1,'2024-08-08 00:00:00'),(1226,'student010',326,1,'2024-08-15 00:00:00'),(1227,'student004',352,1,'2024-08-30 00:00:00'),(1228,'student012',365,1,'2024-09-15 00:00:00'),(1229,'student002',378,1,'2024-10-22 00:00:00'),(1230,'student021',367,0,'2024-08-16 00:00:00'),(1231,'student003',399,1,'2024-10-17 00:00:00'),(1232,'student013',335,1,NULL),(1233,'student004',278,1,NULL),(1234,'student024',318,1,'2024-08-28 00:00:00'),(1235,'student017',341,1,NULL),(1236,'student020',380,1,'2024-09-10 00:00:00'),(1237,'student005',328,1,'2024-10-24 00:00:00'),(1238,'student007',349,0,'2024-07-27 00:00:00'),(1239,'student011',344,1,'2024-10-19 00:00:00'),(1240,'student008',272,0,'2024-08-14 00:00:00'),(1241,'student014',319,1,NULL),(1242,'student005',390,1,NULL),(1243,'student010',331,1,'2024-08-29 00:00:00'),(1244,'student022',349,1,NULL),(1245,'student020',376,1,NULL),(1246,'student003',322,1,'2024-08-18 00:00:00'),(1247,'student004',270,1,'2024-10-13 00:00:00'),(1248,'student022',311,0,'2024-08-25 00:00:00'),(1249,'student023',405,1,'2024-10-15 00:00:00'),(1250,'student020',355,1,'2024-09-23 00:00:00'),(1251,'student023',335,1,'2024-10-10 00:00:00'),(1252,'student018',281,1,'2024-09-25 00:00:00'),(1253,'student017',353,1,NULL),(1254,'student007',378,0,'2024-09-01 00:00:00'),(1255,'student003',258,1,NULL);
/*!40000 ALTER TABLE `STUDENT_LECTURE_PROGRESS` ENABLE KEYS */;
UNLOCK TABLES;

--
-- Table structure for table `TBL_BOARD`
--

DROP TABLE IF EXISTS `TBL_BOARD`;
/*!40101 SET @saved_cs_client     = @@character_set_client */;
/*!50503 SET character_set_client = utf8mb4 */;
CREATE TABLE `TBL_BOARD` (
  `board_idx` int unsigned NOT NULL AUTO_INCREMENT COMMENT '게시물 아이디',
  `board_title` varchar(100) CHARACTER SET utf8mb4 COLLATE utf8mb4_general_ci NOT NULL COMMENT '게시물 제목',
  `board_content` text CHARACTER SET utf8mb4 COLLATE utf8mb4_general_ci NOT NULL COMMENT '게시물 내용',
  `board_regdate` datetime NOT NULL DEFAULT CURRENT_TIMESTAMP COMMENT '게시물 등록일',
  `board_type` varchar(10) CHARACTER SET utf8mb4 COLLATE utf8mb4_general_ci NOT NULL COMMENT '게시물 유형 (P: 자유게시판, N: 공지사항, D: 자료실, C: 강의 공지, R: 수강후기)\n카테고리 ( 강의 코드만 들어올수있게 )',
  `board_writer` varchar(50) CHARACTER SET utf8mb4 COLLATE utf8mb4_general_ci NOT NULL COMMENT '게시물 작성자 아이디',
  `board_category` varchar(50) CHARACTER SET utf8mb4 COLLATE utf8mb4_general_ci DEFAULT NULL COMMENT '"C , R " 일때 null 안됨~',
  PRIMARY KEY (`board_idx`),
  KEY `fk_board_writer` (`board_writer`),
  KEY `fk_board_category` (`board_category`),
  CONSTRAINT `fk_board_category` FOREIGN KEY (`board_category`) REFERENCES `TBL_LECTURE` (`lecture_code`),
  CONSTRAINT `fk_board_writer` FOREIGN KEY (`board_writer`) REFERENCES `TBL_MEMBER` (`user_id`)
) ENGINE=InnoDB AUTO_INCREMENT=255 DEFAULT CHARSET=utf8mb4 COLLATE=utf8mb4_general_ci;
/*!40101 SET character_set_client = @saved_cs_client */;

--
-- Dumping data for table `TBL_BOARD`
--

LOCK TABLES `TBL_BOARD` WRITE;
/*!40000 ALTER TABLE `TBL_BOARD` DISABLE KEYS */;
INSERT INTO `TBL_BOARD` VALUES (128,'토익 고득점 비법 공지사항 1','이것은 강의 공지의 내용입니다. 더미 텍스트 더미 텍스트 더미 텍스트 더미 텍스트 더미 텍스트 더미 텍스트 더미 텍스트 더미 텍스트 더미 텍스트 더미 텍스트 ','2024-10-24 19:50:17','C','teacher_kor1','ENG002'),(129,'중등 영어 문법 공지사항 1','이것은 강의 공지의 내용입니다. 더미 텍스트 더미 텍스트 더미 텍스트 더미 텍스트 더미 텍스트 더미 텍스트 더미 텍스트 더미 텍스트 더미 텍스트 더미 텍스트 ','2024-10-24 19:50:17','C','teacher_math1','ENG001'),(130,'자료실 게시물 13','이것은 자료실의 내용입니다. 더미 텍스트 더미 텍스트 더미 텍스트 더미 텍스트 더미 텍스트 더미 텍스트 더미 텍스트 더미 텍스트 더미 텍스트 더미 텍스트 ','2024-10-24 19:50:17','D','teacher_kor2',NULL),(131,'공지사항 3','이것은 공지사항의 내용입니다. 더미 텍스트 더미 텍스트 더미 텍스트 더미 텍스트 더미 텍스트 더미 텍스트 더미 텍스트 더미 텍스트 더미 텍스트 더미 텍스트 ','2024-10-24 19:50:17','N','teacher_sci2',NULL),(132,'한국사 핵심 정리 공지사항 1','이것은 강의 공지의 내용입니다. 더미 텍스트 더미 텍스트 더미 텍스트 더미 텍스트 더미 텍스트 더미 텍스트 더미 텍스트 더미 텍스트 더미 텍스트 더미 텍스트 ','2024-10-24 19:50:17','C','teacher_sci2','SOC001'),(133,'공지사항 4','이것은 공지사항의 내용입니다. 더미 텍스트 더미 텍스트 더미 텍스트 더미 텍스트 더미 텍스트 더미 텍스트 더미 텍스트 더미 텍스트 더미 텍스트 더미 텍스트 ','2024-10-24 19:50:17','N','teacher_math2',NULL),(134,'중등 과학 종합 공지사항 1','이것은 강의 공지의 내용입니다. 더미 텍스트 더미 텍스트 더미 텍스트 더미 텍스트 더미 텍스트 더미 텍스트 더미 텍스트 더미 텍스트 더미 텍스트 더미 텍스트 ','2024-10-24 19:50:17','C','teacher_kor2','SCI001'),(135,'문학 작품 분석 공지사항 1','이것은 강의 공지의 내용입니다. 더미 텍스트 더미 텍스트 더미 텍스트 더미 텍스트 더미 텍스트 더미 텍스트 더미 텍스트 더미 텍스트 더미 텍스트 더미 텍스트 ','2024-10-24 19:50:17','C','teacher_math2','KOR003'),(136,'자료실 게시물 11','이것은 자료실의 내용입니다. 더미 텍스트 더미 텍스트 더미 텍스트 더미 텍스트 더미 텍스트 더미 텍스트 더미 텍스트 더미 텍스트 더미 텍스트 더미 텍스트 ','2024-10-24 19:50:17','D','teacher_sci1',NULL),(137,'자유게시판 글 2','이것은 자유게시판의 내용입니다. 더미 텍스트 더미 텍스트 더미 텍스트 더미 텍스트 더미 텍스트 더미 텍스트 더미 텍스트 더미 텍스트 더미 텍스트 더미 텍스트 ','2024-10-24 19:50:17','P','student024',NULL),(138,'공지사항 12','이것은 공지사항의 내용입니다. 더미 텍스트 더미 텍스트 더미 텍스트 더미 텍스트 더미 텍스트 더미 텍스트 더미 텍스트 더미 텍스트 더미 텍스트 더미 텍스트 ','2024-10-24 19:50:17','N','teacher_eng1',NULL),(139,'자료실 게시물 2','이것은 자료실의 내용입니다. 더미 텍스트 더미 텍스트 더미 텍스트 더미 텍스트 더미 텍스트 더미 텍스트 더미 텍스트 더미 텍스트 더미 텍스트 더미 텍스트 ','2024-10-24 19:50:17','D','teacher_soc1',NULL),(140,'자료실 게시물 5','이것은 자료실의 내용입니다. 더미 텍스트 더미 텍스트 더미 텍스트 더미 텍스트 더미 텍스트 더미 텍스트 더미 텍스트 더미 텍스트 더미 텍스트 더미 텍스트 ','2024-10-24 19:50:17','D','teacher_kor2',NULL),(141,'자유게시판 글 1','이것은 자유게시판의 내용입니다. 더미 텍스트 더미 텍스트 더미 텍스트 더미 텍스트 더미 텍스트 더미 텍스트 더미 텍스트 더미 텍스트 더미 텍스트 더미 텍스트 ','2024-10-24 19:50:17','P','student009',NULL),(142,'공지사항 2','이것은 공지사항의 내용입니다. 더미 텍스트 더미 텍스트 더미 텍스트 더미 텍스트 더미 텍스트 더미 텍스트 더미 텍스트 더미 텍스트 더미 텍스트 더미 텍스트 ','2024-10-24 19:50:17','N','teacher_soc1',NULL),(143,'한국사 핵심 정리 수강후기 1','이것은 수강후기의 내용입니다. 더미 텍스트 더미 텍스트 더미 텍스트 더미 텍스트 더미 텍스트 더미 텍스트 더미 텍스트 더미 텍스트 더미 텍스트 더미 텍스트 ','2024-10-24 19:50:17','R','student012','SOC001'),(144,'자료실 게시물 8','이것은 자료실의 내용입니다. 더미 텍스트 더미 텍스트 더미 텍스트 더미 텍스트 더미 텍스트 더미 텍스트 더미 텍스트 더미 텍스트 더미 텍스트 더미 텍스트 ','2024-10-24 19:50:17','D','teacher_soc2',NULL),(145,'수능 수학 실전 공지사항 1','이것은 강의 공지의 내용입니다. 더미 텍스트 더미 텍스트 더미 텍스트 더미 텍스트 더미 텍스트 더미 텍스트 더미 텍스트 더미 텍스트 더미 텍스트 더미 텍스트 ','2024-10-24 19:50:17','C','teacher_sci2','MATH002'),(146,'자유게시판 글 11','이것은 자유게시판의 내용입니다. 더미 텍스트 더미 텍스트 더미 텍스트 더미 텍스트 더미 텍스트 더미 텍스트 더미 텍스트 더미 텍스트 더미 텍스트 더미 텍스트 ','2024-10-24 19:50:17','P','student024',NULL),(147,'자유게시판 글 4','이것은 자유게시판의 내용입니다. 더미 텍스트 더미 텍스트 더미 텍스트 더미 텍스트 더미 텍스트 더미 텍스트 더미 텍스트 더미 텍스트 더미 텍스트 더미 텍스트 ','2024-10-24 19:50:17','P','student023',NULL),(148,'공지사항 1','이것은 공지사항의 내용입니다. 더미 텍스트 더미 텍스트 더미 텍스트 더미 텍스트 더미 텍스트 더미 텍스트 더미 텍스트 더미 텍스트 더미 텍스트 더미 텍스트 ','2024-10-24 19:50:17','N','teacher_soc1',NULL),(149,'자유게시판 글 9','이것은 자유게시판의 내용입니다. 더미 텍스트 더미 텍스트 더미 텍스트 더미 텍스트 더미 텍스트 더미 텍스트 더미 텍스트 더미 텍스트 더미 텍스트 더미 텍스트 ','2024-10-24 19:50:17','P','student021',NULL),(150,'수능 국어 마스터 공지사항 1','이것은 강의 공지의 내용입니다. 더미 텍스트 더미 텍스트 더미 텍스트 더미 텍스트 더미 텍스트 더미 텍스트 더미 텍스트 더미 텍스트 더미 텍스트 더미 텍스트 ','2024-10-24 19:50:17','C','teacher_soc2','KOR002'),(151,'공지사항 9','이것은 공지사항의 내용입니다. 더미 텍스트 더미 텍스트 더미 텍스트 더미 텍스트 더미 텍스트 더미 텍스트 더미 텍스트 더미 텍스트 더미 텍스트 더미 텍스트 ','2024-10-24 19:50:17','N','teacher_soc2',NULL),(152,'사회문화 개념 정리 공지사항 1','이것은 강의 공지의 내용입니다. 더미 텍스트 더미 텍스트 더미 텍스트 더미 텍스트 더미 텍스트 더미 텍스트 더미 텍스트 더미 텍스트 더미 텍스트 더미 텍스트 ','2024-10-24 19:50:17','C','teacher_kor1','SOC003'),(153,'자료실 게시물 6','이것은 자료실의 내용입니다. 더미 텍스트 더미 텍스트 더미 텍스트 더미 텍스트 더미 텍스트 더미 텍스트 더미 텍스트 더미 텍스트 더미 텍스트 더미 텍스트 ','2024-10-24 19:50:17','D','teacher_sci2',NULL),(154,'공지사항 14','이것은 공지사항의 내용입니다. 더미 텍스트 더미 텍스트 더미 텍스트 더미 텍스트 더미 텍스트 더미 텍스트 더미 텍스트 더미 텍스트 더미 텍스트 더미 텍스트 ','2024-10-24 19:50:17','N','teacher_math1',NULL),(155,'공지사항 13','이것은 공지사항의 내용입니다. 더미 텍스트 더미 텍스트 더미 텍스트 더미 텍스트 더미 텍스트 더미 텍스트 더미 텍스트 더미 텍스트 더미 텍스트 더미 텍스트 ','2024-10-24 19:50:17','N','teacher_sci1',NULL),(156,'중등 영어 문법 수강후기 1','이것은 수강후기의 내용입니다. 더미 텍스트 더미 텍스트 더미 텍스트 더미 텍스트 더미 텍스트 더미 텍스트 더미 텍스트 더미 텍스트 더미 텍스트 더미 텍스트 ','2024-10-24 19:50:17','R','student022','ENG001'),(157,'자유게시판 글 3','이것은 자유게시판의 내용입니다. 더미 텍스트 더미 텍스트 더미 텍스트 더미 텍스트 더미 텍스트 더미 텍스트 더미 텍스트 더미 텍스트 더미 텍스트 더미 텍스트 ','2024-10-24 19:50:17','P','student021',NULL),(158,'공지사항 5','이것은 공지사항의 내용입니다. 더미 텍스트 더미 텍스트 더미 텍스트 더미 텍스트 더미 텍스트 더미 텍스트 더미 텍스트 더미 텍스트 더미 텍스트 더미 텍스트 ','2024-10-24 19:50:17','N','teacher_eng2',NULL),(159,'세계사 주요 사건 공지사항 1','이것은 강의 공지의 내용입니다. 더미 텍스트 더미 텍스트 더미 텍스트 더미 텍스트 더미 텍스트 더미 텍스트 더미 텍스트 더미 텍스트 더미 텍스트 더미 텍스트 ','2024-10-24 19:50:17','C','teacher_soc1','SOC002'),(160,'공지사항 10','이것은 공지사항의 내용입니다. 더미 텍스트 더미 텍스트 더미 텍스트 더미 텍스트 더미 텍스트 더미 텍스트 더미 텍스트 더미 텍스트 더미 텍스트 더미 텍스트 ','2024-10-24 19:50:17','N','teacher_kor2',NULL),(161,'수능 국어 마스터 수강후기 1','이것은 수강후기의 내용입니다. 더미 텍스트 더미 텍스트 더미 텍스트 더미 텍스트 더미 텍스트 더미 텍스트 더미 텍스트 더미 텍스트 더미 텍스트 더미 텍스트 ','2024-10-24 19:50:17','R','student002','KOR002'),(162,'공지사항 8','이것은 공지사항의 내용입니다. 더미 텍스트 더미 텍스트 더미 텍스트 더미 텍스트 더미 텍스트 더미 텍스트 더미 텍스트 더미 텍스트 더미 텍스트 더미 텍스트 ','2024-10-24 19:50:17','N','teacher_math2',NULL),(163,'자료실 게시물 1','이것은 자료실의 내용입니다. 더미 텍스트 더미 텍스트 더미 텍스트 더미 텍스트 더미 텍스트 더미 텍스트 더미 텍스트 더미 텍스트 더미 텍스트 더미 텍스트 ','2024-10-24 19:50:17','D','teacher_kor1',NULL),(164,'공지사항 6','이것은 공지사항의 내용입니다. 더미 텍스트 더미 텍스트 더미 텍스트 더미 텍스트 더미 텍스트 더미 텍스트 더미 텍스트 더미 텍스트 더미 텍스트 더미 텍스트 ','2024-10-24 19:50:17','N','teacher_eng1',NULL),(165,'자유게시판 글 13','이것은 자유게시판의 내용입니다. 더미 텍스트 더미 텍스트 더미 텍스트 더미 텍스트 더미 텍스트 더미 텍스트 더미 텍스트 더미 텍스트 더미 텍스트 더미 텍스트 ','2024-10-24 19:50:17','P','student002',NULL),(166,'자료실 게시물 7','이것은 자료실의 내용입니다. 더미 텍스트 더미 텍스트 더미 텍스트 더미 텍스트 더미 텍스트 더미 텍스트 더미 텍스트 더미 텍스트 더미 텍스트 더미 텍스트 ','2024-10-24 19:50:17','D','teacher_kor1',NULL),(167,'자료실 게시물 14','이것은 자료실의 내용입니다. 더미 텍스트 더미 텍스트 더미 텍스트 더미 텍스트 더미 텍스트 더미 텍스트 더미 텍스트 더미 텍스트 더미 텍스트 더미 텍스트 ','2024-10-24 19:50:17','D','teacher_sci1',NULL),(168,'공지사항 15','이것은 공지사항의 내용입니다. 더미 텍스트 더미 텍스트 더미 텍스트 더미 텍스트 더미 텍스트 더미 텍스트 더미 텍스트 더미 텍스트 더미 텍스트 더미 텍스트 ','2024-10-24 19:50:17','N','teacher_math1',NULL),(169,'자유게시판 글 12','이것은 자유게시판의 내용입니다. 더미 텍스트 더미 텍스트 더미 텍스트 더미 텍스트 더미 텍스트 더미 텍스트 더미 텍스트 더미 텍스트 더미 텍스트 더미 텍스트 ','2024-10-24 19:50:17','P','student017',NULL),(170,'생명과학 집중 강의 공지사항 1','이것은 강의 공지의 내용입니다. 더미 텍스트 더미 텍스트 더미 텍스트 더미 텍스트 더미 텍스트 더미 텍스트 더미 텍스트 더미 텍스트 더미 텍스트 더미 텍스트 ','2024-10-24 19:50:17','C','teacher_soc1','SCI003'),(171,'문학 작품 분석 수강후기 1','이것은 수강후기의 내용입니다. 더미 텍스트 더미 텍스트 더미 텍스트 더미 텍스트 더미 텍스트 더미 텍스트 더미 텍스트 더미 텍스트 더미 텍스트 더미 텍스트 ','2024-10-24 19:50:17','R','student007','KOR003'),(172,'중학 수학 기초 수강후기 1','이것은 수강후기의 내용입니다. 더미 텍스트 더미 텍스트 더미 텍스트 더미 텍스트 더미 텍스트 더미 텍스트 더미 텍스트 더미 텍스트 더미 텍스트 더미 텍스트 ','2024-10-24 19:50:17','R','student001','MATH001'),(173,'공지사항 11','이것은 공지사항의 내용입니다. 더미 텍스트 더미 텍스트 더미 텍스트 더미 텍스트 더미 텍스트 더미 텍스트 더미 텍스트 더미 텍스트 더미 텍스트 더미 텍스트 ','2024-10-24 19:50:17','N','teacher_math1',NULL),(174,'고등 국어 기초 공지사항 1','이것은 강의 공지의 내용입니다. 더미 텍스트 더미 텍스트 더미 텍스트 더미 텍스트 더미 텍스트 더미 텍스트 더미 텍스트 더미 텍스트 더미 텍스트 더미 텍스트 ','2024-10-24 19:50:17','C','teacher_sci1','KOR001'),(175,'생명과학 집중 강의 수강후기 1','이것은 수강후기의 내용입니다. 더미 텍스트 더미 텍스트 더미 텍스트 더미 텍스트 더미 텍스트 더미 텍스트 더미 텍스트 더미 텍스트 더미 텍스트 더미 텍스트 ','2024-10-24 19:50:17','R','student006','SCI003'),(176,'세계사 주요 사건 수강후기 1','이것은 수강후기의 내용입니다. 더미 텍스트 더미 텍스트 더미 텍스트 더미 텍스트 더미 텍스트 더미 텍스트 더미 텍스트 더미 텍스트 더미 텍스트 더미 텍스트 ','2024-10-24 19:50:17','R','student001','SOC002'),(177,'고등 국어 기초 수강후기 1','이것은 수강후기의 내용입니다. 더미 텍스트 더미 텍스트 더미 텍스트 더미 텍스트 더미 텍스트 더미 텍스트 더미 텍스트 더미 텍스트 더미 텍스트 더미 텍스트 ','2024-10-24 19:50:17','R','student002','KOR001'),(178,'자유게시판 글 5','이것은 자유게시판의 내용입니다. 더미 텍스트 더미 텍스트 더미 텍스트 더미 텍스트 더미 텍스트 더미 텍스트 더미 텍스트 더미 텍스트 더미 텍스트 더미 텍스트 ','2024-10-24 19:50:17','P','student004',NULL),(179,'중학 수학 기초 공지사항 1','이것은 강의 공지의 내용입니다. 더미 텍스트 더미 텍스트 더미 텍스트 더미 텍스트 더미 텍스트 더미 텍스트 더미 텍스트 더미 텍스트 더미 텍스트 더미 텍스트 ','2024-10-24 19:50:17','C','teacher_math2','MATH001'),(180,'고등 물리 심화 수강후기 1','이것은 수강후기의 내용입니다. 더미 텍스트 더미 텍스트 더미 텍스트 더미 텍스트 더미 텍스트 더미 텍스트 더미 텍스트 더미 텍스트 더미 텍스트 더미 텍스트 ','2024-10-24 19:50:17','R','student024','SCI002'),(181,'자료실 게시물 12','이것은 자료실의 내용입니다. 더미 텍스트 더미 텍스트 더미 텍스트 더미 텍스트 더미 텍스트 더미 텍스트 더미 텍스트 더미 텍스트 더미 텍스트 더미 텍스트 ','2024-10-24 19:50:17','D','teacher_sci1',NULL),(182,'자유게시판 글 14','이것은 자유게시판의 내용입니다. 더미 텍스트 더미 텍스트 더미 텍스트 더미 텍스트 더미 텍스트 더미 텍스트 더미 텍스트 더미 텍스트 더미 텍스트 더미 텍스트 ','2024-10-24 19:50:17','P','student020',NULL),(183,'자료실 게시물 4','이것은 자료실의 내용입니다. 더미 텍스트 더미 텍스트 더미 텍스트 더미 텍스트 더미 텍스트 더미 텍스트 더미 텍스트 더미 텍스트 더미 텍스트 더미 텍스트 ','2024-10-24 19:50:17','D','teacher_soc2',NULL),(184,'자료실 게시물 15','이것은 자료실의 내용입니다. 더미 텍스트 더미 텍스트 더미 텍스트 더미 텍스트 더미 텍스트 더미 텍스트 더미 텍스트 더미 텍스트 더미 텍스트 더미 텍스트 ','2024-10-24 19:50:17','D','teacher_math2',NULL),(185,'고등 물리 심화 공지사항 1','이것은 강의 공지의 내용입니다. 더미 텍스트 더미 텍스트 더미 텍스트 더미 텍스트 더미 텍스트 더미 텍스트 더미 텍스트 더미 텍스트 더미 텍스트 더미 텍스트 ','2024-10-24 19:50:17','C','teacher_math1','SCI002'),(186,'고등 수학 심화 수강후기 1','이것은 수강후기의 내용입니다. 더미 텍스트 더미 텍스트 더미 텍스트 더미 텍스트 더미 텍스트 더미 텍스트 더미 텍스트 더미 텍스트 더미 텍스트 더미 텍스트 ','2024-10-24 19:50:17','R','student006','MATH003'),(187,'자유게시판 글 15','이것은 자유게시판의 내용입니다. 더미 텍스트 더미 텍스트 더미 텍스트 더미 텍스트 더미 텍스트 더미 텍스트 더미 텍스트 더미 텍스트 더미 텍스트 더미 텍스트 ','2024-10-24 19:50:17','P','student017',NULL),(188,'공지사항 7','이것은 공지사항의 내용입니다. 더미 텍스트 더미 텍스트 더미 텍스트 더미 텍스트 더미 텍스트 더미 텍스트 더미 텍스트 더미 텍스트 더미 텍스트 더미 텍스트 ','2024-10-24 19:50:17','N','teacher_math1',NULL),(189,'중등 과학 종합 수강후기 1','이것은 수강후기의 내용입니다. 더미 텍스트 더미 텍스트 더미 텍스트 더미 텍스트 더미 텍스트 더미 텍스트 더미 텍스트 더미 텍스트 더미 텍스트 더미 텍스트 ','2024-10-24 19:50:17','R','student009','SCI001'),(190,'자료실 게시물 9','이것은 자료실의 내용입니다. 더미 텍스트 더미 텍스트 더미 텍스트 더미 텍스트 더미 텍스트 더미 텍스트 더미 텍스트 더미 텍스트 더미 텍스트 더미 텍스트 ','2024-10-24 19:50:17','D','teacher_eng2',NULL),(191,'토익 고득점 비법 수강후기 1','이것은 수강후기의 내용입니다. 더미 텍스트 더미 텍스트 더미 텍스트 더미 텍스트 더미 텍스트 더미 텍스트 더미 텍스트 더미 텍스트 더미 텍스트 더미 텍스트 ','2024-10-24 19:50:17','R','student005','ENG002'),(192,'자유게시판 글 8','이것은 자유게시판의 내용입니다. 더미 텍스트 더미 텍스트 더미 텍스트 더미 텍스트 더미 텍스트 더미 텍스트 더미 텍스트 더미 텍스트 더미 텍스트 더미 텍스트 ','2024-10-24 19:50:17','P','student007',NULL),(193,'자유게시판 글 6','이것은 자유게시판의 내용입니다. 더미 텍스트 더미 텍스트 더미 텍스트 더미 텍스트 더미 텍스트 더미 텍스트 더미 텍스트 더미 텍스트 더미 텍스트 더미 텍스트 ','2024-10-24 19:50:17','P','student005',NULL),(194,'자료실 게시물 3','이것은 자료실의 내용입니다. 더미 텍스트 더미 텍스트 더미 텍스트 더미 텍스트 더미 텍스트 더미 텍스트 더미 텍스트 더미 텍스트 더미 텍스트 더미 텍스트 ','2024-10-24 19:50:17','D','teacher_sci2',NULL),(195,'영어 회화 마스터 수강후기 1','이것은 수강후기의 내용입니다. 더미 텍스트 더미 텍스트 더미 텍스트 더미 텍스트 더미 텍스트 더미 텍스트 더미 텍스트 더미 텍스트 더미 텍스트 더미 텍스트 ','2024-10-24 19:50:17','R','student004','ENG003'),(196,'자유게시판 글 10','이것은 자유게시판의 내용입니다. 더미 텍스트 더미 텍스트 더미 텍스트 더미 텍스트 더미 텍스트 더미 텍스트 더미 텍스트 더미 텍스트 더미 텍스트 더미 텍스트 ','2024-10-24 19:50:17','P','student024',NULL),(197,'영어 회화 마스터 공지사항 1','이것은 강의 공지의 내용입니다. 더미 텍스트 더미 텍스트 더미 텍스트 더미 텍스트 더미 텍스트 더미 텍스트 더미 텍스트 더미 텍스트 더미 텍스트 더미 텍스트 ','2024-10-24 19:50:17','C','teacher_eng2','ENG003'),(198,'고등 수학 심화 공지사항 1','이것은 강의 공지의 내용입니다. 더미 텍스트 더미 텍스트 더미 텍스트 더미 텍스트 더미 텍스트 더미 텍스트 더미 텍스트 더미 텍스트 더미 텍스트 더미 텍스트 ','2024-10-24 19:50:17','C','teacher_sci1','MATH003'),(199,'자료실 게시물 10','이것은 자료실의 내용입니다. 더미 텍스트 더미 텍스트 더미 텍스트 더미 텍스트 더미 텍스트 더미 텍스트 더미 텍스트 더미 텍스트 더미 텍스트 더미 텍스트 ','2024-10-24 19:50:17','D','teacher_eng2',NULL),(200,'수능 수학 실전 수강후기 1','이것은 수강후기의 내용입니다. 더미 텍스트 더미 텍스트 더미 텍스트 더미 텍스트 더미 텍스트 더미 텍스트 더미 텍스트 더미 텍스트 더미 텍스트 더미 텍스트 ','2024-10-24 19:50:17','R','student009','MATH002'),(201,'사회문화 개념 정리 수강후기 1','이것은 수강후기의 내용입니다. 더미 텍스트 더미 텍스트 더미 텍스트 더미 텍스트 더미 텍스트 더미 텍스트 더미 텍스트 더미 텍스트 더미 텍스트 더미 텍스트 ','2024-10-24 19:50:17','R','student022','SOC003'),(202,'자유게시판 글 7','이것은 자유게시판의 내용입니다. 더미 텍스트 더미 텍스트 더미 텍스트 더미 텍스트 더미 텍스트 더미 텍스트 더미 텍스트 더미 텍스트 더미 텍스트 더미 텍스트 ','2024-10-24 19:50:17','P','student007',NULL);
/*!40000 ALTER TABLE `TBL_BOARD` ENABLE KEYS */;
UNLOCK TABLES;

--
-- Table structure for table `TBL_COMMENT`
--

DROP TABLE IF EXISTS `TBL_COMMENT`;
/*!40101 SET @saved_cs_client     = @@character_set_client */;
/*!50503 SET character_set_client = utf8mb4 */;
CREATE TABLE `TBL_COMMENT` (
  `comment_idx` int NOT NULL AUTO_INCREMENT,
  `post_idx` int unsigned NOT NULL COMMENT '댓글 대상 게시물 아이디',
  `user_id` varchar(50) CHARACTER SET utf8mb4 COLLATE utf8mb4_general_ci NOT NULL COMMENT '댓글 작성자 아이디',
  `comment_content` text CHARACTER SET utf8mb4 COLLATE utf8mb4_general_ci NOT NULL COMMENT '댓글 내용',
  `comment_regdate` datetime NOT NULL DEFAULT CURRENT_TIMESTAMP COMMENT '댓글 작성일',
  PRIMARY KEY (`comment_idx`),
  KEY `fk_comment_post` (`post_idx`),
  KEY `fk_comment_user` (`user_id`),
  CONSTRAINT `fk_comment_post` FOREIGN KEY (`post_idx`) REFERENCES `TBL_BOARD` (`board_idx`),
  CONSTRAINT `fk_comment_user` FOREIGN KEY (`user_id`) REFERENCES `TBL_MEMBER` (`user_id`)
) ENGINE=InnoDB AUTO_INCREMENT=738 DEFAULT CHARSET=utf8mb4 COLLATE=utf8mb4_general_ci;
/*!40101 SET character_set_client = @saved_cs_client */;

--
-- Dumping data for table `TBL_COMMENT`
--

LOCK TABLES `TBL_COMMENT` WRITE;
/*!40000 ALTER TABLE `TBL_COMMENT` DISABLE KEYS */;
INSERT INTO `TBL_COMMENT` VALUES (227,190,'teacher_eng1','이것은 댓글 내용입니다. 더미 댓글 더미 댓글 더미 댓글 더미 댓글 더미 댓글 ','2024-10-24 19:50:17'),(228,129,'student013','이것은 댓글 내용입니다. 더미 댓글 더미 댓글 더미 댓글 더미 댓글 더미 댓글 ','2024-10-24 19:50:17'),(229,140,'teacher_eng1','이것은 댓글 내용입니다. 더미 댓글 더미 댓글 더미 댓글 더미 댓글 더미 댓글 ','2024-10-24 19:50:17'),(230,201,'student006','이것은 댓글 내용입니다. 더미 댓글 더미 댓글 더미 댓글 더미 댓글 더미 댓글 ','2024-10-24 19:50:17'),(231,141,'student018','이것은 댓글 내용입니다. 더미 댓글 더미 댓글 더미 댓글 더미 댓글 더미 댓글 ','2024-10-24 19:50:17'),(232,142,'student022','이것은 댓글 내용입니다. 더미 댓글 더미 댓글 더미 댓글 더미 댓글 더미 댓글 ','2024-10-24 19:50:17'),(233,150,'student006','이것은 댓글 내용입니다. 더미 댓글 더미 댓글 더미 댓글 더미 댓글 더미 댓글 ','2024-10-24 19:50:17'),(234,154,'student006','이것은 댓글 내용입니다. 더미 댓글 더미 댓글 더미 댓글 더미 댓글 더미 댓글 ','2024-10-24 19:50:17'),(235,202,'teacher_math1','이것은 댓글 내용입니다. 더미 댓글 더미 댓글 더미 댓글 더미 댓글 더미 댓글 ','2024-10-24 19:50:17'),(236,192,'teacher_soc1','이것은 댓글 내용입니다. 더미 댓글 더미 댓글 더미 댓글 더미 댓글 더미 댓글 ','2024-10-24 19:50:17'),(237,179,'student024','이것은 댓글 내용입니다. 더미 댓글 더미 댓글 더미 댓글 더미 댓글 더미 댓글 ','2024-10-24 19:50:17'),(238,172,'student012','이것은 댓글 내용입니다. 더미 댓글 더미 댓글 더미 댓글 더미 댓글 더미 댓글 ','2024-10-24 19:50:17'),(239,192,'student011','이것은 댓글 내용입니다. 더미 댓글 더미 댓글 더미 댓글 더미 댓글 더미 댓글 ','2024-10-24 19:50:17'),(240,157,'teacher_eng1','이것은 댓글 내용입니다. 더미 댓글 더미 댓글 더미 댓글 더미 댓글 더미 댓글 ','2024-10-24 19:50:17'),(241,132,'teacher_sci1','이것은 댓글 내용입니다. 더미 댓글 더미 댓글 더미 댓글 더미 댓글 더미 댓글 ','2024-10-24 19:50:17'),(242,199,'student007','이것은 댓글 내용입니다. 더미 댓글 더미 댓글 더미 댓글 더미 댓글 더미 댓글 ','2024-10-24 19:50:17'),(243,134,'student022','이것은 댓글 내용입니다. 더미 댓글 더미 댓글 더미 댓글 더미 댓글 더미 댓글 ','2024-10-24 19:50:17'),(244,171,'student025','이것은 댓글 내용입니다. 더미 댓글 더미 댓글 더미 댓글 더미 댓글 더미 댓글 ','2024-10-24 19:50:17'),(245,140,'student023','이것은 댓글 내용입니다. 더미 댓글 더미 댓글 더미 댓글 더미 댓글 더미 댓글 ','2024-10-24 19:50:17'),(246,192,'student013','이것은 댓글 내용입니다. 더미 댓글 더미 댓글 더미 댓글 더미 댓글 더미 댓글 ','2024-10-24 19:50:17'),(247,185,'student010','이것은 댓글 내용입니다. 더미 댓글 더미 댓글 더미 댓글 더미 댓글 더미 댓글 ','2024-10-24 19:50:17'),(248,153,'teacher_eng2','이것은 댓글 내용입니다. 더미 댓글 더미 댓글 더미 댓글 더미 댓글 더미 댓글 ','2024-10-24 19:50:17'),(249,131,'student007','이것은 댓글 내용입니다. 더미 댓글 더미 댓글 더미 댓글 더미 댓글 더미 댓글 ','2024-10-24 19:50:17'),(250,161,'student017','이것은 댓글 내용입니다. 더미 댓글 더미 댓글 더미 댓글 더미 댓글 더미 댓글 ','2024-10-24 19:50:17'),(251,135,'student020','이것은 댓글 내용입니다. 더미 댓글 더미 댓글 더미 댓글 더미 댓글 더미 댓글 ','2024-10-24 19:50:17'),(252,153,'student004','이것은 댓글 내용입니다. 더미 댓글 더미 댓글 더미 댓글 더미 댓글 더미 댓글 ','2024-10-24 19:50:17'),(253,172,'student002','이것은 댓글 내용입니다. 더미 댓글 더미 댓글 더미 댓글 더미 댓글 더미 댓글 ','2024-10-24 19:50:17'),(254,153,'student024','이것은 댓글 내용입니다. 더미 댓글 더미 댓글 더미 댓글 더미 댓글 더미 댓글 ','2024-10-24 19:50:17'),(255,155,'student017','이것은 댓글 내용입니다. 더미 댓글 더미 댓글 더미 댓글 더미 댓글 더미 댓글 ','2024-10-24 19:50:17'),(256,166,'student015','이것은 댓글 내용입니다. 더미 댓글 더미 댓글 더미 댓글 더미 댓글 더미 댓글 ','2024-10-24 19:50:17'),(257,193,'teacher_sci1','이것은 댓글 내용입니다. 더미 댓글 더미 댓글 더미 댓글 더미 댓글 더미 댓글 ','2024-10-24 19:50:17'),(258,157,'student005','이것은 댓글 내용입니다. 더미 댓글 더미 댓글 더미 댓글 더미 댓글 더미 댓글 ','2024-10-24 19:50:17'),(259,194,'teacher_kor2','이것은 댓글 내용입니다. 더미 댓글 더미 댓글 더미 댓글 더미 댓글 더미 댓글 ','2024-10-24 19:50:17'),(260,189,'student007','이것은 댓글 내용입니다. 더미 댓글 더미 댓글 더미 댓글 더미 댓글 더미 댓글 ','2024-10-24 19:50:17'),(261,144,'teacher_soc1','이것은 댓글 내용입니다. 더미 댓글 더미 댓글 더미 댓글 더미 댓글 더미 댓글 ','2024-10-24 19:50:17'),(262,177,'student018','이것은 댓글 내용입니다. 더미 댓글 더미 댓글 더미 댓글 더미 댓글 더미 댓글 ','2024-10-24 19:50:17'),(263,197,'teacher_soc2','이것은 댓글 내용입니다. 더미 댓글 더미 댓글 더미 댓글 더미 댓글 더미 댓글 ','2024-10-24 19:50:17'),(264,130,'teacher_eng2','이것은 댓글 내용입니다. 더미 댓글 더미 댓글 더미 댓글 더미 댓글 더미 댓글 ','2024-10-24 19:50:17'),(265,173,'student012','이것은 댓글 내용입니다. 더미 댓글 더미 댓글 더미 댓글 더미 댓글 더미 댓글 ','2024-10-24 19:50:17'),(266,139,'student015','이것은 댓글 내용입니다. 더미 댓글 더미 댓글 더미 댓글 더미 댓글 더미 댓글 ','2024-10-24 19:50:17'),(267,179,'student008','이것은 댓글 내용입니다. 더미 댓글 더미 댓글 더미 댓글 더미 댓글 더미 댓글 ','2024-10-24 19:50:17'),(268,196,'teacher_eng1','이것은 댓글 내용입니다. 더미 댓글 더미 댓글 더미 댓글 더미 댓글 더미 댓글 ','2024-10-24 19:50:17'),(269,175,'student007','이것은 댓글 내용입니다. 더미 댓글 더미 댓글 더미 댓글 더미 댓글 더미 댓글 ','2024-10-24 19:50:17'),(270,179,'student010','이것은 댓글 내용입니다. 더미 댓글 더미 댓글 더미 댓글 더미 댓글 더미 댓글 ','2024-10-24 19:50:17'),(271,173,'student009','이것은 댓글 내용입니다. 더미 댓글 더미 댓글 더미 댓글 더미 댓글 더미 댓글 ','2024-10-24 19:50:17'),(272,164,'teacher_math1','이것은 댓글 내용입니다. 더미 댓글 더미 댓글 더미 댓글 더미 댓글 더미 댓글 ','2024-10-24 19:50:17'),(273,134,'teacher_math2','이것은 댓글 내용입니다. 더미 댓글 더미 댓글 더미 댓글 더미 댓글 더미 댓글 ','2024-10-24 19:50:17'),(274,180,'teacher_eng2','이것은 댓글 내용입니다. 더미 댓글 더미 댓글 더미 댓글 더미 댓글 더미 댓글 ','2024-10-24 19:50:17'),(275,181,'student017','이것은 댓글 내용입니다. 더미 댓글 더미 댓글 더미 댓글 더미 댓글 더미 댓글 ','2024-10-24 19:50:17'),(276,160,'teacher_math1','이것은 댓글 내용입니다. 더미 댓글 더미 댓글 더미 댓글 더미 댓글 더미 댓글 ','2024-10-24 19:50:17'),(277,128,'student025','이것은 댓글 내용입니다. 더미 댓글 더미 댓글 더미 댓글 더미 댓글 더미 댓글 ','2024-10-24 19:50:17'),(278,198,'teacher_kor2','이것은 댓글 내용입니다. 더미 댓글 더미 댓글 더미 댓글 더미 댓글 더미 댓글 ','2024-10-24 19:50:17'),(279,144,'student013','이것은 댓글 내용입니다. 더미 댓글 더미 댓글 더미 댓글 더미 댓글 더미 댓글 ','2024-10-24 19:50:17'),(280,200,'student004','이것은 댓글 내용입니다. 더미 댓글 더미 댓글 더미 댓글 더미 댓글 더미 댓글 ','2024-10-24 19:50:17'),(281,134,'student018','이것은 댓글 내용입니다. 더미 댓글 더미 댓글 더미 댓글 더미 댓글 더미 댓글 ','2024-10-24 19:50:17'),(282,186,'student024','이것은 댓글 내용입니다. 더미 댓글 더미 댓글 더미 댓글 더미 댓글 더미 댓글 ','2024-10-24 19:50:17'),(283,156,'student014','이것은 댓글 내용입니다. 더미 댓글 더미 댓글 더미 댓글 더미 댓글 더미 댓글 ','2024-10-24 19:50:17'),(284,171,'student011','이것은 댓글 내용입니다. 더미 댓글 더미 댓글 더미 댓글 더미 댓글 더미 댓글 ','2024-10-24 19:50:17'),(285,163,'student010','이것은 댓글 내용입니다. 더미 댓글 더미 댓글 더미 댓글 더미 댓글 더미 댓글 ','2024-10-24 19:50:17'),(286,182,'teacher_soc2','이것은 댓글 내용입니다. 더미 댓글 더미 댓글 더미 댓글 더미 댓글 더미 댓글 ','2024-10-24 19:50:17'),(287,136,'student005','이것은 댓글 내용입니다. 더미 댓글 더미 댓글 더미 댓글 더미 댓글 더미 댓글 ','2024-10-24 19:50:17'),(288,135,'teacher_kor1','이것은 댓글 내용입니다. 더미 댓글 더미 댓글 더미 댓글 더미 댓글 더미 댓글 ','2024-10-24 19:50:17'),(289,145,'student025','이것은 댓글 내용입니다. 더미 댓글 더미 댓글 더미 댓글 더미 댓글 더미 댓글 ','2024-10-24 19:50:17'),(290,138,'teacher_eng1','이것은 댓글 내용입니다. 더미 댓글 더미 댓글 더미 댓글 더미 댓글 더미 댓글 ','2024-10-24 19:50:17'),(291,145,'teacher_soc2','이것은 댓글 내용입니다. 더미 댓글 더미 댓글 더미 댓글 더미 댓글 더미 댓글 ','2024-10-24 19:50:17'),(292,195,'teacher_kor1','이것은 댓글 내용입니다. 더미 댓글 더미 댓글 더미 댓글 더미 댓글 더미 댓글 ','2024-10-24 19:50:17'),(293,174,'student017','이것은 댓글 내용입니다. 더미 댓글 더미 댓글 더미 댓글 더미 댓글 더미 댓글 ','2024-10-24 19:50:17'),(294,174,'teacher_eng1','이것은 댓글 내용입니다. 더미 댓글 더미 댓글 더미 댓글 더미 댓글 더미 댓글 ','2024-10-24 19:50:17'),(295,163,'teacher_math2','이것은 댓글 내용입니다. 더미 댓글 더미 댓글 더미 댓글 더미 댓글 더미 댓글 ','2024-10-24 19:50:17'),(296,162,'student014','이것은 댓글 내용입니다. 더미 댓글 더미 댓글 더미 댓글 더미 댓글 더미 댓글 ','2024-10-24 19:50:17'),(297,176,'teacher_eng1','이것은 댓글 내용입니다. 더미 댓글 더미 댓글 더미 댓글 더미 댓글 더미 댓글 ','2024-10-24 19:50:17'),(298,137,'teacher_math1','이것은 댓글 내용입니다. 더미 댓글 더미 댓글 더미 댓글 더미 댓글 더미 댓글 ','2024-10-24 19:50:17'),(299,151,'student004','이것은 댓글 내용입니다. 더미 댓글 더미 댓글 더미 댓글 더미 댓글 더미 댓글 ','2024-10-24 19:50:17'),(300,184,'student001','이것은 댓글 내용입니다. 더미 댓글 더미 댓글 더미 댓글 더미 댓글 더미 댓글 ','2024-10-24 19:50:17'),(301,163,'student025','이것은 댓글 내용입니다. 더미 댓글 더미 댓글 더미 댓글 더미 댓글 더미 댓글 ','2024-10-24 19:50:17'),(302,149,'student013','이것은 댓글 내용입니다. 더미 댓글 더미 댓글 더미 댓글 더미 댓글 더미 댓글 ','2024-10-24 19:50:17'),(303,182,'student004','이것은 댓글 내용입니다. 더미 댓글 더미 댓글 더미 댓글 더미 댓글 더미 댓글 ','2024-10-24 19:50:17'),(304,169,'teacher_sci1','이것은 댓글 내용입니다. 더미 댓글 더미 댓글 더미 댓글 더미 댓글 더미 댓글 ','2024-10-24 19:50:17'),(305,181,'teacher_math2','이것은 댓글 내용입니다. 더미 댓글 더미 댓글 더미 댓글 더미 댓글 더미 댓글 ','2024-10-24 19:50:17'),(306,177,'student020','이것은 댓글 내용입니다. 더미 댓글 더미 댓글 더미 댓글 더미 댓글 더미 댓글 ','2024-10-24 19:50:17'),(307,185,'student007','이것은 댓글 내용입니다. 더미 댓글 더미 댓글 더미 댓글 더미 댓글 더미 댓글 ','2024-10-24 19:50:17'),(308,159,'student014','이것은 댓글 내용입니다. 더미 댓글 더미 댓글 더미 댓글 더미 댓글 더미 댓글 ','2024-10-24 19:50:17'),(309,136,'teacher_math2','이것은 댓글 내용입니다. 더미 댓글 더미 댓글 더미 댓글 더미 댓글 더미 댓글 ','2024-10-24 19:50:17'),(310,184,'teacher_soc1','이것은 댓글 내용입니다. 더미 댓글 더미 댓글 더미 댓글 더미 댓글 더미 댓글 ','2024-10-24 19:50:17'),(311,158,'student023','이것은 댓글 내용입니다. 더미 댓글 더미 댓글 더미 댓글 더미 댓글 더미 댓글 ','2024-10-24 19:50:17'),(312,193,'teacher_math2','이것은 댓글 내용입니다. 더미 댓글 더미 댓글 더미 댓글 더미 댓글 더미 댓글 ','2024-10-24 19:50:17'),(313,134,'student001','이것은 댓글 내용입니다. 더미 댓글 더미 댓글 더미 댓글 더미 댓글 더미 댓글 ','2024-10-24 19:50:17'),(314,160,'student008','이것은 댓글 내용입니다. 더미 댓글 더미 댓글 더미 댓글 더미 댓글 더미 댓글 ','2024-10-24 19:50:17'),(315,145,'student005','이것은 댓글 내용입니다. 더미 댓글 더미 댓글 더미 댓글 더미 댓글 더미 댓글 ','2024-10-24 19:50:17'),(316,171,'student024','이것은 댓글 내용입니다. 더미 댓글 더미 댓글 더미 댓글 더미 댓글 더미 댓글 ','2024-10-24 19:50:17'),(317,141,'student002','이것은 댓글 내용입니다. 더미 댓글 더미 댓글 더미 댓글 더미 댓글 더미 댓글 ','2024-10-24 19:50:17'),(318,167,'student020','이것은 댓글 내용입니다. 더미 댓글 더미 댓글 더미 댓글 더미 댓글 더미 댓글 ','2024-10-24 19:50:17'),(319,161,'student023','이것은 댓글 내용입니다. 더미 댓글 더미 댓글 더미 댓글 더미 댓글 더미 댓글 ','2024-10-24 19:50:17'),(320,164,'student008','이것은 댓글 내용입니다. 더미 댓글 더미 댓글 더미 댓글 더미 댓글 더미 댓글 ','2024-10-24 19:50:17'),(321,178,'student016','이것은 댓글 내용입니다. 더미 댓글 더미 댓글 더미 댓글 더미 댓글 더미 댓글 ','2024-10-24 19:50:17'),(322,200,'student004','이것은 댓글 내용입니다. 더미 댓글 더미 댓글 더미 댓글 더미 댓글 더미 댓글 ','2024-10-24 19:50:17'),(323,156,'student001','이것은 댓글 내용입니다. 더미 댓글 더미 댓글 더미 댓글 더미 댓글 더미 댓글 ','2024-10-24 19:50:17'),(324,155,'student015','이것은 댓글 내용입니다. 더미 댓글 더미 댓글 더미 댓글 더미 댓글 더미 댓글 ','2024-10-24 19:50:17'),(325,166,'student018','이것은 댓글 내용입니다. 더미 댓글 더미 댓글 더미 댓글 더미 댓글 더미 댓글 ','2024-10-24 19:50:17'),(326,137,'student021','이것은 댓글 내용입니다. 더미 댓글 더미 댓글 더미 댓글 더미 댓글 더미 댓글 ','2024-10-24 19:50:17'),(327,140,'student020','이것은 댓글 내용입니다. 더미 댓글 더미 댓글 더미 댓글 더미 댓글 더미 댓글 ','2024-10-24 19:50:17'),(328,169,'teacher_kor2','이것은 댓글 내용입니다. 더미 댓글 더미 댓글 더미 댓글 더미 댓글 더미 댓글 ','2024-10-24 19:50:17'),(329,186,'student015','이것은 댓글 내용입니다. 더미 댓글 더미 댓글 더미 댓글 더미 댓글 더미 댓글 ','2024-10-24 19:50:17'),(330,149,'teacher_kor1','이것은 댓글 내용입니다. 더미 댓글 더미 댓글 더미 댓글 더미 댓글 더미 댓글 ','2024-10-24 19:50:17'),(331,165,'student023','이것은 댓글 내용입니다. 더미 댓글 더미 댓글 더미 댓글 더미 댓글 더미 댓글 ','2024-10-24 19:50:17'),(332,190,'student005','이것은 댓글 내용입니다. 더미 댓글 더미 댓글 더미 댓글 더미 댓글 더미 댓글 ','2024-10-24 19:50:17'),(333,171,'student017','이것은 댓글 내용입니다. 더미 댓글 더미 댓글 더미 댓글 더미 댓글 더미 댓글 ','2024-10-24 19:50:17'),(334,148,'student009','이것은 댓글 내용입니다. 더미 댓글 더미 댓글 더미 댓글 더미 댓글 더미 댓글 ','2024-10-24 19:50:17'),(335,161,'student012','이것은 댓글 내용입니다. 더미 댓글 더미 댓글 더미 댓글 더미 댓글 더미 댓글 ','2024-10-24 19:50:17'),(336,196,'student022','이것은 댓글 내용입니다. 더미 댓글 더미 댓글 더미 댓글 더미 댓글 더미 댓글 ','2024-10-24 19:50:17'),(337,145,'teacher_eng2','이것은 댓글 내용입니다. 더미 댓글 더미 댓글 더미 댓글 더미 댓글 더미 댓글 ','2024-10-24 19:50:17'),(338,180,'student004','이것은 댓글 내용입니다. 더미 댓글 더미 댓글 더미 댓글 더미 댓글 더미 댓글 ','2024-10-24 19:50:17'),(339,193,'student016','이것은 댓글 내용입니다. 더미 댓글 더미 댓글 더미 댓글 더미 댓글 더미 댓글 ','2024-10-24 19:50:17'),(340,178,'student005','이것은 댓글 내용입니다. 더미 댓글 더미 댓글 더미 댓글 더미 댓글 더미 댓글 ','2024-10-24 19:50:17'),(341,160,'student004','이것은 댓글 내용입니다. 더미 댓글 더미 댓글 더미 댓글 더미 댓글 더미 댓글 ','2024-10-24 19:50:17'),(342,168,'student022','이것은 댓글 내용입니다. 더미 댓글 더미 댓글 더미 댓글 더미 댓글 더미 댓글 ','2024-10-24 19:50:17'),(343,175,'student018','이것은 댓글 내용입니다. 더미 댓글 더미 댓글 더미 댓글 더미 댓글 더미 댓글 ','2024-10-24 19:50:17'),(344,139,'student019','이것은 댓글 내용입니다. 더미 댓글 더미 댓글 더미 댓글 더미 댓글 더미 댓글 ','2024-10-24 19:50:17'),(345,177,'student019','이것은 댓글 내용입니다. 더미 댓글 더미 댓글 더미 댓글 더미 댓글 더미 댓글 ','2024-10-24 19:50:17'),(346,165,'teacher_math1','이것은 댓글 내용입니다. 더미 댓글 더미 댓글 더미 댓글 더미 댓글 더미 댓글 ','2024-10-24 19:50:17'),(347,144,'student009','이것은 댓글 내용입니다. 더미 댓글 더미 댓글 더미 댓글 더미 댓글 더미 댓글 ','2024-10-24 19:50:17'),(348,184,'student023','이것은 댓글 내용입니다. 더미 댓글 더미 댓글 더미 댓글 더미 댓글 더미 댓글 ','2024-10-24 19:50:17'),(349,151,'student019','이것은 댓글 내용입니다. 더미 댓글 더미 댓글 더미 댓글 더미 댓글 더미 댓글 ','2024-10-24 19:50:17'),(350,176,'teacher_soc1','이것은 댓글 내용입니다. 더미 댓글 더미 댓글 더미 댓글 더미 댓글 더미 댓글 ','2024-10-24 19:50:17'),(351,197,'teacher_math1','이것은 댓글 내용입니다. 더미 댓글 더미 댓글 더미 댓글 더미 댓글 더미 댓글 ','2024-10-24 19:50:17'),(352,184,'student020','이것은 댓글 내용입니다. 더미 댓글 더미 댓글 더미 댓글 더미 댓글 더미 댓글 ','2024-10-24 19:50:17'),(353,170,'student025','이것은 댓글 내용입니다. 더미 댓글 더미 댓글 더미 댓글 더미 댓글 더미 댓글 ','2024-10-24 19:50:17'),(354,146,'teacher_eng1','이것은 댓글 내용입니다. 더미 댓글 더미 댓글 더미 댓글 더미 댓글 더미 댓글 ','2024-10-24 19:50:17'),(355,162,'student010','이것은 댓글 내용입니다. 더미 댓글 더미 댓글 더미 댓글 더미 댓글 더미 댓글 ','2024-10-24 19:50:17'),(356,170,'student008','이것은 댓글 내용입니다. 더미 댓글 더미 댓글 더미 댓글 더미 댓글 더미 댓글 ','2024-10-24 19:50:17'),(357,138,'student020','이것은 댓글 내용입니다. 더미 댓글 더미 댓글 더미 댓글 더미 댓글 더미 댓글 ','2024-10-24 19:50:17'),(358,131,'student021','이것은 댓글 내용입니다. 더미 댓글 더미 댓글 더미 댓글 더미 댓글 더미 댓글 ','2024-10-24 19:50:17'),(359,143,'teacher_kor2','이것은 댓글 내용입니다. 더미 댓글 더미 댓글 더미 댓글 더미 댓글 더미 댓글 ','2024-10-24 19:50:17'),(360,147,'student024','이것은 댓글 내용입니다. 더미 댓글 더미 댓글 더미 댓글 더미 댓글 더미 댓글 ','2024-10-24 19:50:17'),(361,191,'teacher_eng1','이것은 댓글 내용입니다. 더미 댓글 더미 댓글 더미 댓글 더미 댓글 더미 댓글 ','2024-10-24 19:50:17'),(362,147,'student013','이것은 댓글 내용입니다. 더미 댓글 더미 댓글 더미 댓글 더미 댓글 더미 댓글 ','2024-10-24 19:50:17'),(363,170,'teacher_soc1','이것은 댓글 내용입니다. 더미 댓글 더미 댓글 더미 댓글 더미 댓글 더미 댓글 ','2024-10-24 19:50:17'),(364,128,'teacher_kor2','이것은 댓글 내용입니다. 더미 댓글 더미 댓글 더미 댓글 더미 댓글 더미 댓글 ','2024-10-24 19:50:17'),(365,157,'student010','이것은 댓글 내용입니다. 더미 댓글 더미 댓글 더미 댓글 더미 댓글 더미 댓글 ','2024-10-24 19:50:17'),(366,130,'student018','이것은 댓글 내용입니다. 더미 댓글 더미 댓글 더미 댓글 더미 댓글 더미 댓글 ','2024-10-24 19:50:17'),(367,130,'teacher_soc1','이것은 댓글 내용입니다. 더미 댓글 더미 댓글 더미 댓글 더미 댓글 더미 댓글 ','2024-10-24 19:50:17'),(368,175,'teacher_math2','이것은 댓글 내용입니다. 더미 댓글 더미 댓글 더미 댓글 더미 댓글 더미 댓글 ','2024-10-24 19:50:17'),(369,135,'student003','이것은 댓글 내용입니다. 더미 댓글 더미 댓글 더미 댓글 더미 댓글 더미 댓글 ','2024-10-24 19:50:17'),(370,202,'student006','이것은 댓글 내용입니다. 더미 댓글 더미 댓글 더미 댓글 더미 댓글 더미 댓글 ','2024-10-24 19:50:17'),(371,142,'student002','이것은 댓글 내용입니다. 더미 댓글 더미 댓글 더미 댓글 더미 댓글 더미 댓글 ','2024-10-24 19:50:17'),(372,132,'student013','이것은 댓글 내용입니다. 더미 댓글 더미 댓글 더미 댓글 더미 댓글 더미 댓글 ','2024-10-24 19:50:17'),(373,178,'student023','이것은 댓글 내용입니다. 더미 댓글 더미 댓글 더미 댓글 더미 댓글 더미 댓글 ','2024-10-24 19:50:17'),(374,149,'student003','이것은 댓글 내용입니다. 더미 댓글 더미 댓글 더미 댓글 더미 댓글 더미 댓글 ','2024-10-24 19:50:17'),(375,140,'teacher_eng1','이것은 댓글 내용입니다. 더미 댓글 더미 댓글 더미 댓글 더미 댓글 더미 댓글 ','2024-10-24 19:50:17'),(376,167,'teacher_eng2','이것은 댓글 내용입니다. 더미 댓글 더미 댓글 더미 댓글 더미 댓글 더미 댓글 ','2024-10-24 19:50:17'),(377,201,'teacher_math2','이것은 댓글 내용입니다. 더미 댓글 더미 댓글 더미 댓글 더미 댓글 더미 댓글 ','2024-10-24 19:50:17'),(378,202,'teacher_sci2','이것은 댓글 내용입니다. 더미 댓글 더미 댓글 더미 댓글 더미 댓글 더미 댓글 ','2024-10-24 19:50:17'),(379,162,'teacher_eng1','이것은 댓글 내용입니다. 더미 댓글 더미 댓글 더미 댓글 더미 댓글 더미 댓글 ','2024-10-24 19:50:17'),(380,181,'student005','이것은 댓글 내용입니다. 더미 댓글 더미 댓글 더미 댓글 더미 댓글 더미 댓글 ','2024-10-24 19:50:17'),(381,159,'student020','이것은 댓글 내용입니다. 더미 댓글 더미 댓글 더미 댓글 더미 댓글 더미 댓글 ','2024-10-24 19:50:17'),(382,139,'student010','이것은 댓글 내용입니다. 더미 댓글 더미 댓글 더미 댓글 더미 댓글 더미 댓글 ','2024-10-24 19:50:17'),(383,129,'student006','이것은 댓글 내용입니다. 더미 댓글 더미 댓글 더미 댓글 더미 댓글 더미 댓글 ','2024-10-24 19:50:17'),(384,133,'teacher_soc2','이것은 댓글 내용입니다. 더미 댓글 더미 댓글 더미 댓글 더미 댓글 더미 댓글 ','2024-10-24 19:50:17'),(385,137,'teacher_eng1','이것은 댓글 내용입니다. 더미 댓글 더미 댓글 더미 댓글 더미 댓글 더미 댓글 ','2024-10-24 19:50:17'),(386,144,'student018','이것은 댓글 내용입니다. 더미 댓글 더미 댓글 더미 댓글 더미 댓글 더미 댓글 ','2024-10-24 19:50:17'),(387,185,'student024','이것은 댓글 내용입니다. 더미 댓글 더미 댓글 더미 댓글 더미 댓글 더미 댓글 ','2024-10-24 19:50:17'),(388,195,'teacher_sci1','이것은 댓글 내용입니다. 더미 댓글 더미 댓글 더미 댓글 더미 댓글 더미 댓글 ','2024-10-24 19:50:17'),(389,187,'student020','이것은 댓글 내용입니다. 더미 댓글 더미 댓글 더미 댓글 더미 댓글 더미 댓글 ','2024-10-24 19:50:17'),(390,198,'teacher_kor1','이것은 댓글 내용입니다. 더미 댓글 더미 댓글 더미 댓글 더미 댓글 더미 댓글 ','2024-10-24 19:50:17'),(391,189,'student005','이것은 댓글 내용입니다. 더미 댓글 더미 댓글 더미 댓글 더미 댓글 더미 댓글 ','2024-10-24 19:50:17'),(392,160,'student021','이것은 댓글 내용입니다. 더미 댓글 더미 댓글 더미 댓글 더미 댓글 더미 댓글 ','2024-10-24 19:50:17'),(393,174,'student007','이것은 댓글 내용입니다. 더미 댓글 더미 댓글 더미 댓글 더미 댓글 더미 댓글 ','2024-10-24 19:50:17'),(394,189,'student003','이것은 댓글 내용입니다. 더미 댓글 더미 댓글 더미 댓글 더미 댓글 더미 댓글 ','2024-10-24 19:50:17'),(395,193,'teacher_soc1','이것은 댓글 내용입니다. 더미 댓글 더미 댓글 더미 댓글 더미 댓글 더미 댓글 ','2024-10-24 19:50:17'),(396,148,'student006','이것은 댓글 내용입니다. 더미 댓글 더미 댓글 더미 댓글 더미 댓글 더미 댓글 ','2024-10-24 19:50:17'),(397,151,'student018','이것은 댓글 내용입니다. 더미 댓글 더미 댓글 더미 댓글 더미 댓글 더미 댓글 ','2024-10-24 19:50:17'),(398,136,'student011','이것은 댓글 내용입니다. 더미 댓글 더미 댓글 더미 댓글 더미 댓글 더미 댓글 ','2024-10-24 19:50:17'),(399,168,'student023','이것은 댓글 내용입니다. 더미 댓글 더미 댓글 더미 댓글 더미 댓글 더미 댓글 ','2024-10-24 19:50:17'),(400,172,'student010','이것은 댓글 내용입니다. 더미 댓글 더미 댓글 더미 댓글 더미 댓글 더미 댓글 ','2024-10-24 19:50:17'),(401,197,'student003','이것은 댓글 내용입니다. 더미 댓글 더미 댓글 더미 댓글 더미 댓글 더미 댓글 ','2024-10-24 19:50:17'),(402,181,'student001','이것은 댓글 내용입니다. 더미 댓글 더미 댓글 더미 댓글 더미 댓글 더미 댓글 ','2024-10-24 19:50:17'),(403,175,'teacher_sci2','이것은 댓글 내용입니다. 더미 댓글 더미 댓글 더미 댓글 더미 댓글 더미 댓글 ','2024-10-24 19:50:17'),(404,167,'student016','이것은 댓글 내용입니다. 더미 댓글 더미 댓글 더미 댓글 더미 댓글 더미 댓글 ','2024-10-24 19:50:17'),(405,152,'teacher_math2','이것은 댓글 내용입니다. 더미 댓글 더미 댓글 더미 댓글 더미 댓글 더미 댓글 ','2024-10-24 19:50:17'),(406,158,'student011','이것은 댓글 내용입니다. 더미 댓글 더미 댓글 더미 댓글 더미 댓글 더미 댓글 ','2024-10-24 19:50:17'),(407,188,'student016','이것은 댓글 내용입니다. 더미 댓글 더미 댓글 더미 댓글 더미 댓글 더미 댓글 ','2024-10-24 19:50:17'),(408,158,'student011','이것은 댓글 내용입니다. 더미 댓글 더미 댓글 더미 댓글 더미 댓글 더미 댓글 ','2024-10-24 19:50:17'),(409,131,'student011','이것은 댓글 내용입니다. 더미 댓글 더미 댓글 더미 댓글 더미 댓글 더미 댓글 ','2024-10-24 19:50:17'),(410,191,'teacher_math1','이것은 댓글 내용입니다. 더미 댓글 더미 댓글 더미 댓글 더미 댓글 더미 댓글 ','2024-10-24 19:50:17'),(411,128,'student007','이것은 댓글 내용입니다. 더미 댓글 더미 댓글 더미 댓글 더미 댓글 더미 댓글 ','2024-10-24 19:50:17'),(412,135,'student013','이것은 댓글 내용입니다. 더미 댓글 더미 댓글 더미 댓글 더미 댓글 더미 댓글 ','2024-10-24 19:50:17'),(413,133,'teacher_math1','이것은 댓글 내용입니다. 더미 댓글 더미 댓글 더미 댓글 더미 댓글 더미 댓글 ','2024-10-24 19:50:17'),(414,173,'student006','이것은 댓글 내용입니다. 더미 댓글 더미 댓글 더미 댓글 더미 댓글 더미 댓글 ','2024-10-24 19:50:17'),(415,180,'student021','이것은 댓글 내용입니다. 더미 댓글 더미 댓글 더미 댓글 더미 댓글 더미 댓글 ','2024-10-24 19:50:17'),(416,194,'teacher_eng1','이것은 댓글 내용입니다. 더미 댓글 더미 댓글 더미 댓글 더미 댓글 더미 댓글 ','2024-10-24 19:50:17'),(417,186,'teacher_sci2','이것은 댓글 내용입니다. 더미 댓글 더미 댓글 더미 댓글 더미 댓글 더미 댓글 ','2024-10-24 19:50:17'),(418,159,'student015','이것은 댓글 내용입니다. 더미 댓글 더미 댓글 더미 댓글 더미 댓글 더미 댓글 ','2024-10-24 19:50:17'),(419,192,'teacher_soc1','이것은 댓글 내용입니다. 더미 댓글 더미 댓글 더미 댓글 더미 댓글 더미 댓글 ','2024-10-24 19:50:17'),(420,133,'student009','이것은 댓글 내용입니다. 더미 댓글 더미 댓글 더미 댓글 더미 댓글 더미 댓글 ','2024-10-24 19:50:17'),(421,196,'student014','이것은 댓글 내용입니다. 더미 댓글 더미 댓글 더미 댓글 더미 댓글 더미 댓글 ','2024-10-24 19:50:17'),(422,166,'student013','이것은 댓글 내용입니다. 더미 댓글 더미 댓글 더미 댓글 더미 댓글 더미 댓글 ','2024-10-24 19:50:17'),(423,150,'student023','이것은 댓글 내용입니다. 더미 댓글 더미 댓글 더미 댓글 더미 댓글 더미 댓글 ','2024-10-24 19:50:17'),(424,196,'student014','이것은 댓글 내용입니다. 더미 댓글 더미 댓글 더미 댓글 더미 댓글 더미 댓글 ','2024-10-24 19:50:17'),(425,142,'student006','이것은 댓글 내용입니다. 더미 댓글 더미 댓글 더미 댓글 더미 댓글 더미 댓글 ','2024-10-24 19:50:17'),(426,185,'student019','이것은 댓글 내용입니다. 더미 댓글 더미 댓글 더미 댓글 더미 댓글 더미 댓글 ','2024-10-24 19:50:17'),(427,164,'student016','이것은 댓글 내용입니다. 더미 댓글 더미 댓글 더미 댓글 더미 댓글 더미 댓글 ','2024-10-24 19:50:17'),(428,167,'student025','이것은 댓글 내용입니다. 더미 댓글 더미 댓글 더미 댓글 더미 댓글 더미 댓글 ','2024-10-24 19:50:17'),(429,179,'teacher_kor2','이것은 댓글 내용입니다. 더미 댓글 더미 댓글 더미 댓글 더미 댓글 더미 댓글 ','2024-10-24 19:50:17'),(430,180,'student014','이것은 댓글 내용입니다. 더미 댓글 더미 댓글 더미 댓글 더미 댓글 더미 댓글 ','2024-10-24 19:50:17'),(431,183,'student008','이것은 댓글 내용입니다. 더미 댓글 더미 댓글 더미 댓글 더미 댓글 더미 댓글 ','2024-10-24 19:50:17'),(432,188,'student001','이것은 댓글 내용입니다. 더미 댓글 더미 댓글 더미 댓글 더미 댓글 더미 댓글 ','2024-10-24 19:50:17'),(433,158,'teacher_kor2','이것은 댓글 내용입니다. 더미 댓글 더미 댓글 더미 댓글 더미 댓글 더미 댓글 ','2024-10-24 19:50:17'),(434,176,'student025','이것은 댓글 내용입니다. 더미 댓글 더미 댓글 더미 댓글 더미 댓글 더미 댓글 ','2024-10-24 19:50:17'),(435,188,'student012','이것은 댓글 내용입니다. 더미 댓글 더미 댓글 더미 댓글 더미 댓글 더미 댓글 ','2024-10-24 19:50:17'),(436,152,'student020','이것은 댓글 내용입니다. 더미 댓글 더미 댓글 더미 댓글 더미 댓글 더미 댓글 ','2024-10-24 19:50:17'),(437,133,'teacher_eng1','이것은 댓글 내용입니다. 더미 댓글 더미 댓글 더미 댓글 더미 댓글 더미 댓글 ','2024-10-24 19:50:17'),(438,172,'student020','이것은 댓글 내용입니다. 더미 댓글 더미 댓글 더미 댓글 더미 댓글 더미 댓글 ','2024-10-24 19:50:17'),(439,155,'teacher_eng2','이것은 댓글 내용입니다. 더미 댓글 더미 댓글 더미 댓글 더미 댓글 더미 댓글 ','2024-10-24 19:50:17'),(440,130,'student014','이것은 댓글 내용입니다. 더미 댓글 더미 댓글 더미 댓글 더미 댓글 더미 댓글 ','2024-10-24 19:50:17'),(441,200,'teacher_sci2','이것은 댓글 내용입니다. 더미 댓글 더미 댓글 더미 댓글 더미 댓글 더미 댓글 ','2024-10-24 19:50:17'),(442,187,'student010','이것은 댓글 내용입니다. 더미 댓글 더미 댓글 더미 댓글 더미 댓글 더미 댓글 ','2024-10-24 19:50:17'),(443,169,'teacher_kor1','이것은 댓글 내용입니다. 더미 댓글 더미 댓글 더미 댓글 더미 댓글 더미 댓글 ','2024-10-24 19:50:17'),(444,200,'student018','이것은 댓글 내용입니다. 더미 댓글 더미 댓글 더미 댓글 더미 댓글 더미 댓글 ','2024-10-24 19:50:17'),(445,132,'student019','이것은 댓글 내용입니다. 더미 댓글 더미 댓글 더미 댓글 더미 댓글 더미 댓글 ','2024-10-24 19:50:17'),(446,191,'student024','이것은 댓글 내용입니다. 더미 댓글 더미 댓글 더미 댓글 더미 댓글 더미 댓글 ','2024-10-24 19:50:17'),(447,148,'student025','이것은 댓글 내용입니다. 더미 댓글 더미 댓글 더미 댓글 더미 댓글 더미 댓글 ','2024-10-24 19:50:17'),(448,146,'student003','이것은 댓글 내용입니다. 더미 댓글 더미 댓글 더미 댓글 더미 댓글 더미 댓글 ','2024-10-24 19:50:17'),(449,165,'student017','이것은 댓글 내용입니다. 더미 댓글 더미 댓글 더미 댓글 더미 댓글 더미 댓글 ','2024-10-24 19:50:17'),(450,195,'student013','이것은 댓글 내용입니다. 더미 댓글 더미 댓글 더미 댓글 더미 댓글 더미 댓글 ','2024-10-24 19:50:17'),(451,139,'teacher_kor1','이것은 댓글 내용입니다. 더미 댓글 더미 댓글 더미 댓글 더미 댓글 더미 댓글 ','2024-10-24 19:50:17'),(452,136,'student010','이것은 댓글 내용입니다. 더미 댓글 더미 댓글 더미 댓글 더미 댓글 더미 댓글 ','2024-10-24 19:50:17'),(453,201,'teacher_sci1','이것은 댓글 내용입니다. 더미 댓글 더미 댓글 더미 댓글 더미 댓글 더미 댓글 ','2024-10-24 19:50:17'),(454,195,'student022','이것은 댓글 내용입니다. 더미 댓글 더미 댓글 더미 댓글 더미 댓글 더미 댓글 ','2024-10-24 19:50:17'),(455,177,'student013','이것은 댓글 내용입니다. 더미 댓글 더미 댓글 더미 댓글 더미 댓글 더미 댓글 ','2024-10-24 19:50:17'),(456,199,'student015','이것은 댓글 내용입니다. 더미 댓글 더미 댓글 더미 댓글 더미 댓글 더미 댓글 ','2024-10-24 19:50:17'),(457,156,'teacher_eng1','이것은 댓글 내용입니다. 더미 댓글 더미 댓글 더미 댓글 더미 댓글 더미 댓글 ','2024-10-24 19:50:17'),(458,189,'student016','이것은 댓글 내용입니다. 더미 댓글 더미 댓글 더미 댓글 더미 댓글 더미 댓글 ','2024-10-24 19:50:17'),(459,194,'student020','이것은 댓글 내용입니다. 더미 댓글 더미 댓글 더미 댓글 더미 댓글 더미 댓글 ','2024-10-24 19:50:17'),(460,176,'teacher_soc1','이것은 댓글 내용입니다. 더미 댓글 더미 댓글 더미 댓글 더미 댓글 더미 댓글 ','2024-10-24 19:50:17'),(461,199,'student006','이것은 댓글 내용입니다. 더미 댓글 더미 댓글 더미 댓글 더미 댓글 더미 댓글 ','2024-10-24 19:50:17'),(462,154,'teacher_eng1','이것은 댓글 내용입니다. 더미 댓글 더미 댓글 더미 댓글 더미 댓글 더미 댓글 ','2024-10-24 19:50:17'),(463,178,'student004','이것은 댓글 내용입니다. 더미 댓글 더미 댓글 더미 댓글 더미 댓글 더미 댓글 ','2024-10-24 19:50:17'),(464,146,'student024','이것은 댓글 내용입니다. 더미 댓글 더미 댓글 더미 댓글 더미 댓글 더미 댓글 ','2024-10-24 19:50:17'),(465,154,'student007','이것은 댓글 내용입니다. 더미 댓글 더미 댓글 더미 댓글 더미 댓글 더미 댓글 ','2024-10-24 19:50:17'),(466,131,'student015','이것은 댓글 내용입니다. 더미 댓글 더미 댓글 더미 댓글 더미 댓글 더미 댓글 ','2024-10-24 19:50:17'),(467,141,'student025','이것은 댓글 내용입니다. 더미 댓글 더미 댓글 더미 댓글 더미 댓글 더미 댓글 ','2024-10-24 19:50:17'),(468,187,'teacher_soc1','이것은 댓글 내용입니다. 더미 댓글 더미 댓글 더미 댓글 더미 댓글 더미 댓글 ','2024-10-24 19:50:17'),(469,141,'student025','이것은 댓글 내용입니다. 더미 댓글 더미 댓글 더미 댓글 더미 댓글 더미 댓글 ','2024-10-24 19:50:17'),(470,156,'student015','이것은 댓글 내용입니다. 더미 댓글 더미 댓글 더미 댓글 더미 댓글 더미 댓글 ','2024-10-24 19:50:17'),(471,153,'student014','이것은 댓글 내용입니다. 더미 댓글 더미 댓글 더미 댓글 더미 댓글 더미 댓글 ','2024-10-24 19:50:17'),(472,154,'teacher_soc2','이것은 댓글 내용입니다. 더미 댓글 더미 댓글 더미 댓글 더미 댓글 더미 댓글 ','2024-10-24 19:50:17'),(473,138,'student020','이것은 댓글 내용입니다. 더미 댓글 더미 댓글 더미 댓글 더미 댓글 더미 댓글 ','2024-10-24 19:50:17'),(474,168,'student016','이것은 댓글 내용입니다. 더미 댓글 더미 댓글 더미 댓글 더미 댓글 더미 댓글 ','2024-10-24 19:50:17'),(475,182,'student014','이것은 댓글 내용입니다. 더미 댓글 더미 댓글 더미 댓글 더미 댓글 더미 댓글 ','2024-10-24 19:50:17'),(476,147,'student019','이것은 댓글 내용입니다. 더미 댓글 더미 댓글 더미 댓글 더미 댓글 더미 댓글 ','2024-10-24 19:50:17'),(477,198,'student025','이것은 댓글 내용입니다. 더미 댓글 더미 댓글 더미 댓글 더미 댓글 더미 댓글 ','2024-10-24 19:50:17'),(478,137,'student013','이것은 댓글 내용입니다. 더미 댓글 더미 댓글 더미 댓글 더미 댓글 더미 댓글 ','2024-10-24 19:50:17'),(479,163,'student015','이것은 댓글 내용입니다. 더미 댓글 더미 댓글 더미 댓글 더미 댓글 더미 댓글 ','2024-10-24 19:50:17'),(480,143,'student013','이것은 댓글 내용입니다. 더미 댓글 더미 댓글 더미 댓글 더미 댓글 더미 댓글 ','2024-10-24 19:50:17'),(481,165,'teacher_kor2','이것은 댓글 내용입니다. 더미 댓글 더미 댓글 더미 댓글 더미 댓글 더미 댓글 ','2024-10-24 19:50:17'),(482,143,'teacher_sci1','이것은 댓글 내용입니다. 더미 댓글 더미 댓글 더미 댓글 더미 댓글 더미 댓글 ','2024-10-24 19:50:17'),(483,159,'student015','이것은 댓글 내용입니다. 더미 댓글 더미 댓글 더미 댓글 더미 댓글 더미 댓글 ','2024-10-24 19:50:17'),(484,198,'teacher_eng2','이것은 댓글 내용입니다. 더미 댓글 더미 댓글 더미 댓글 더미 댓글 더미 댓글 ','2024-10-24 19:50:17'),(485,191,'student015','이것은 댓글 내용입니다. 더미 댓글 더미 댓글 더미 댓글 더미 댓글 더미 댓글 ','2024-10-24 19:50:17'),(486,132,'student013','이것은 댓글 내용입니다. 더미 댓글 더미 댓글 더미 댓글 더미 댓글 더미 댓글 ','2024-10-24 19:50:17'),(487,155,'student008','이것은 댓글 내용입니다. 더미 댓글 더미 댓글 더미 댓글 더미 댓글 더미 댓글 ','2024-10-24 19:50:17'),(488,148,'student013','이것은 댓글 내용입니다. 더미 댓글 더미 댓글 더미 댓글 더미 댓글 더미 댓글 ','2024-10-24 19:50:17'),(489,157,'student004','이것은 댓글 내용입니다. 더미 댓글 더미 댓글 더미 댓글 더미 댓글 더미 댓글 ','2024-10-24 19:50:17'),(490,149,'teacher_soc1','이것은 댓글 내용입니다. 더미 댓글 더미 댓글 더미 댓글 더미 댓글 더미 댓글 ','2024-10-24 19:50:17'),(491,183,'teacher_sci2','이것은 댓글 내용입니다. 더미 댓글 더미 댓글 더미 댓글 더미 댓글 더미 댓글 ','2024-10-24 19:50:17'),(492,150,'student004','이것은 댓글 내용입니다. 더미 댓글 더미 댓글 더미 댓글 더미 댓글 더미 댓글 ','2024-10-24 19:50:17'),(493,190,'teacher_sci2','이것은 댓글 내용입니다. 더미 댓글 더미 댓글 더미 댓글 더미 댓글 더미 댓글 ','2024-10-24 19:50:17'),(494,197,'student020','이것은 댓글 내용입니다. 더미 댓글 더미 댓글 더미 댓글 더미 댓글 더미 댓글 ','2024-10-24 19:50:17'),(495,188,'student019','이것은 댓글 내용입니다. 더미 댓글 더미 댓글 더미 댓글 더미 댓글 더미 댓글 ','2024-10-24 19:50:17'),(496,187,'student017','이것은 댓글 내용입니다. 더미 댓글 더미 댓글 더미 댓글 더미 댓글 더미 댓글 ','2024-10-24 19:50:17'),(497,143,'student001','이것은 댓글 내용입니다. 더미 댓글 더미 댓글 더미 댓글 더미 댓글 더미 댓글 ','2024-10-24 19:50:17'),(498,147,'student019','이것은 댓글 내용입니다. 더미 댓글 더미 댓글 더미 댓글 더미 댓글 더미 댓글 ','2024-10-24 19:50:17'),(499,182,'student013','이것은 댓글 내용입니다. 더미 댓글 더미 댓글 더미 댓글 더미 댓글 더미 댓글 ','2024-10-24 19:50:17'),(500,161,'student003','이것은 댓글 내용입니다. 더미 댓글 더미 댓글 더미 댓글 더미 댓글 더미 댓글 ','2024-10-24 19:50:17'),(501,128,'student003','이것은 댓글 내용입니다. 더미 댓글 더미 댓글 더미 댓글 더미 댓글 더미 댓글 ','2024-10-24 19:50:17'),(502,186,'student016','이것은 댓글 내용입니다. 더미 댓글 더미 댓글 더미 댓글 더미 댓글 더미 댓글 ','2024-10-24 19:50:17'),(503,151,'student013','이것은 댓글 내용입니다. 더미 댓글 더미 댓글 더미 댓글 더미 댓글 더미 댓글 ','2024-10-24 19:50:17'),(504,169,'student015','이것은 댓글 내용입니다. 더미 댓글 더미 댓글 더미 댓글 더미 댓글 더미 댓글 ','2024-10-24 19:50:17'),(505,183,'student024','이것은 댓글 내용입니다. 더미 댓글 더미 댓글 더미 댓글 더미 댓글 더미 댓글 ','2024-10-24 19:50:17'),(506,194,'student010','이것은 댓글 내용입니다. 더미 댓글 더미 댓글 더미 댓글 더미 댓글 더미 댓글 ','2024-10-24 19:50:17'),(507,201,'student025','이것은 댓글 내용입니다. 더미 댓글 더미 댓글 더미 댓글 더미 댓글 더미 댓글 ','2024-10-24 19:50:17'),(508,166,'teacher_sci2','이것은 댓글 내용입니다. 더미 댓글 더미 댓글 더미 댓글 더미 댓글 더미 댓글 ','2024-10-24 19:50:17'),(509,168,'teacher_soc2','이것은 댓글 내용입니다. 더미 댓글 더미 댓글 더미 댓글 더미 댓글 더미 댓글 ','2024-10-24 19:50:17'),(510,183,'student025','이것은 댓글 내용입니다. 더미 댓글 더미 댓글 더미 댓글 더미 댓글 더미 댓글 ','2024-10-24 19:50:17'),(511,138,'student002','이것은 댓글 내용입니다. 더미 댓글 더미 댓글 더미 댓글 더미 댓글 더미 댓글 ','2024-10-24 19:50:17'),(512,152,'teacher_soc1','이것은 댓글 내용입니다. 더미 댓글 더미 댓글 더미 댓글 더미 댓글 더미 댓글 ','2024-10-24 19:50:17'),(513,152,'student002','이것은 댓글 내용입니다. 더미 댓글 더미 댓글 더미 댓글 더미 댓글 더미 댓글 ','2024-10-24 19:50:17'),(514,190,'student009','이것은 댓글 내용입니다. 더미 댓글 더미 댓글 더미 댓글 더미 댓글 더미 댓글 ','2024-10-24 19:50:17'),(515,164,'teacher_math1','이것은 댓글 내용입니다. 더미 댓글 더미 댓글 더미 댓글 더미 댓글 더미 댓글 ','2024-10-24 19:50:17'),(516,199,'student006','이것은 댓글 내용입니다. 더미 댓글 더미 댓글 더미 댓글 더미 댓글 더미 댓글 ','2024-10-24 19:50:17'),(517,150,'student016','이것은 댓글 내용입니다. 더미 댓글 더미 댓글 더미 댓글 더미 댓글 더미 댓글 ','2024-10-24 19:50:17'),(518,129,'teacher_soc2','이것은 댓글 내용입니다. 더미 댓글 더미 댓글 더미 댓글 더미 댓글 더미 댓글 ','2024-10-24 19:50:17'),(519,146,'student008','이것은 댓글 내용입니다. 더미 댓글 더미 댓글 더미 댓글 더미 댓글 더미 댓글 ','2024-10-24 19:50:17'),(520,129,'student014','이것은 댓글 내용입니다. 더미 댓글 더미 댓글 더미 댓글 더미 댓글 더미 댓글 ','2024-10-24 19:50:17'),(521,170,'teacher_eng1','이것은 댓글 내용입니다. 더미 댓글 더미 댓글 더미 댓글 더미 댓글 더미 댓글 ','2024-10-24 19:50:17'),(522,142,'teacher_kor2','이것은 댓글 내용입니다. 더미 댓글 더미 댓글 더미 댓글 더미 댓글 더미 댓글 ','2024-10-24 19:50:17'),(523,174,'student016','이것은 댓글 내용입니다. 더미 댓글 더미 댓글 더미 댓글 더미 댓글 더미 댓글 ','2024-10-24 19:50:17'),(524,173,'student018','이것은 댓글 내용입니다. 더미 댓글 더미 댓글 더미 댓글 더미 댓글 더미 댓글 ','2024-10-24 19:50:17'),(525,162,'student020','이것은 댓글 내용입니다. 더미 댓글 더미 댓글 더미 댓글 더미 댓글 더미 댓글 ','2024-10-24 19:50:17'),(526,202,'teacher_sci2','이것은 댓글 내용입니다. 더미 댓글 더미 댓글 더미 댓글 더미 댓글 더미 댓글 ','2024-10-24 19:50:17');
/*!40000 ALTER TABLE `TBL_COMMENT` ENABLE KEYS */;
UNLOCK TABLES;

--
-- Table structure for table `TBL_FILE`
--

DROP TABLE IF EXISTS `TBL_FILE`;
/*!40101 SET @saved_cs_client     = @@character_set_client */;
/*!50503 SET character_set_client = utf8mb4 */;
CREATE TABLE `TBL_FILE` (
  `file_idx` int unsigned NOT NULL AUTO_INCREMENT,
  `file_name` varchar(255) CHARACTER SET utf8mb4 COLLATE utf8mb4_general_ci NOT NULL COMMENT '파일 이름',
  `file_size` bigint NOT NULL COMMENT '파일 사이즈',
  `file_path` varchar(255) CHARACTER SET utf8mb4 COLLATE utf8mb4_general_ci NOT NULL COMMENT '파일 경로',
  `board_idx` int unsigned NOT NULL COMMENT '게시물 아이디',
  PRIMARY KEY (`file_idx`),
  KEY `fk_file_board` (`board_idx`),
  CONSTRAINT `fk_file_board` FOREIGN KEY (`board_idx`) REFERENCES `TBL_BOARD` (`board_idx`)
) ENGINE=InnoDB AUTO_INCREMENT=32 DEFAULT CHARSET=utf8mb4 COLLATE=utf8mb4_general_ci;
/*!40101 SET character_set_client = @saved_cs_client */;

--
-- Dumping data for table `TBL_FILE`
--

LOCK TABLES `TBL_FILE` WRITE;
/*!40000 ALTER TABLE `TBL_FILE` DISABLE KEYS */;
INSERT INTO `TBL_FILE` VALUES (1,'file_84.doc',7751772,'/uploads/2024/10/658.zip',134),(2,'file_73.doc',3516349,'/uploads/2024/10/815.pdf',199),(3,'file_666.pdf',2430867,'/uploads/2024/10/70.jpg',167),(4,'file_932.doc',4706586,'/uploads/2024/10/591.jpg',174),(5,'file_253.jpg',9391353,'/uploads/2024/10/476.jpg',184),(6,'file_812.jpg',1733950,'/uploads/2024/10/300.zip',132),(7,'file_415.doc',2358241,'/uploads/2024/10/689.jpg',153),(8,'file_48.jpg',9720031,'/uploads/2024/10/989.pdf',130),(9,'file_953.pdf',8726454,'/uploads/2024/10/922.zip',129),(10,'file_735.zip',5162709,'/uploads/2024/10/747.pdf',144),(11,'file_169.zip',3975807,'/uploads/2024/10/644.pdf',128),(12,'file_56.pdf',5953098,'/uploads/2024/10/518.zip',136),(13,'file_130.doc',767076,'/uploads/2024/10/902.doc',181),(14,'file_268.pdf',295536,'/uploads/2024/10/646.pdf',185),(15,'file_941.doc',6433771,'/uploads/2024/10/335.jpg',139),(16,'file_807.doc',9267848,'/uploads/2024/10/223.doc',198),(17,'file_676.jpg',4177178,'/uploads/2024/10/20.zip',152),(18,'file_315.zip',9852605,'/uploads/2024/10/567.zip',194),(19,'file_161.pdf',5292135,'/uploads/2024/10/637.jpg',166),(20,'file_930.zip',240181,'/uploads/2024/10/830.pdf',159),(21,'file_785.zip',9884797,'/uploads/2024/10/335.jpg',150),(22,'file_857.pdf',3676617,'/uploads/2024/10/274.doc',197),(23,'file_933.jpg',322013,'/uploads/2024/10/462.pdf',145),(24,'file_667.pdf',1518844,'/uploads/2024/10/66.zip',183),(25,'file_454.pdf',8905669,'/uploads/2024/10/300.zip',140),(26,'file_431.zip',9178269,'/uploads/2024/10/62.jpg',190),(27,'file_398.doc',8699494,'/uploads/2024/10/110.zip',135),(28,'file_654.jpg',8321274,'/uploads/2024/10/482.zip',170),(29,'file_328.zip',5036303,'/uploads/2024/10/825.jpg',163),(30,'file_163.zip',1791974,'/uploads/2024/10/94.zip',179);
/*!40000 ALTER TABLE `TBL_FILE` ENABLE KEYS */;
UNLOCK TABLES;

--
-- Table structure for table `TBL_LECTURE`
--

DROP TABLE IF EXISTS `TBL_LECTURE`;
/*!40101 SET @saved_cs_client     = @@character_set_client */;
/*!50503 SET character_set_client = utf8mb4 */;
CREATE TABLE `TBL_LECTURE` (
  `lecture_code` varchar(50) CHARACTER SET utf8mb4 COLLATE utf8mb4_general_ci NOT NULL COMMENT '강의 코드',
  `lecture_name` varchar(100) CHARACTER SET utf8mb4 COLLATE utf8mb4_general_ci NOT NULL COMMENT '강의 이름',
  `lecture_price` int unsigned NOT NULL COMMENT '강의 가격',
  `lecture_regdate` datetime NOT NULL DEFAULT CURRENT_TIMESTAMP COMMENT '강의 등록일',
  `lecture_limit_date` datetime NOT NULL COMMENT '강의 제한일',
  `teacher_id` varchar(50) CHARACTER SET utf8mb4 COLLATE utf8mb4_general_ci NOT NULL COMMENT '강의 선생님 아이디',
  PRIMARY KEY (`lecture_code`),
  KEY `fk_lecture_teacher` (`teacher_id`),
  CONSTRAINT `fk_lecture_teacher` FOREIGN KEY (`teacher_id`) REFERENCES `TBL_MEMBER` (`user_id`)
) ENGINE=InnoDB DEFAULT CHARSET=utf8mb4 COLLATE=utf8mb4_general_ci;
/*!40101 SET character_set_client = @saved_cs_client */;

--
-- Dumping data for table `TBL_LECTURE`
--

LOCK TABLES `TBL_LECTURE` WRITE;
/*!40000 ALTER TABLE `TBL_LECTURE` DISABLE KEYS */;
INSERT INTO `TBL_LECTURE` VALUES ('ENG001','중등 영어 문법',60000,'2024-10-24 19:50:17','2025-12-31 00:00:00','teacher_eng1'),('ENG002','토익 고득점 비법',70000,'2024-10-24 19:50:17','2025-12-31 00:00:00','teacher_eng1'),('ENG003','영어 회화 마스터',75000,'2024-10-24 19:50:17','2025-12-31 00:00:00','teacher_eng2'),('KOR001','고등 국어 기초',50000,'2024-10-24 19:50:17','2025-12-31 00:00:00','teacher_kor1'),('KOR002','수능 국어 마스터',80000,'2024-10-24 19:50:17','2025-12-31 00:00:00','teacher_kor1'),('KOR003','문학 작품 분석',70000,'2024-10-24 19:50:17','2025-12-31 00:00:00','teacher_kor2'),('MATH001','중학 수학 기초',55000,'2024-10-24 19:50:17','2025-12-31 00:00:00','teacher_math1'),('MATH002','수능 수학 실전',85000,'2024-10-24 19:50:17','2025-12-31 00:00:00','teacher_math1'),('MATH003','고등 수학 심화',90000,'2024-10-24 19:50:17','2025-12-31 00:00:00','teacher_math2'),('SCI001','중등 과학 종합',65000,'2024-10-24 19:50:17','2025-12-31 00:00:00','teacher_sci1'),('SCI002','고등 물리 심화',75000,'2024-10-24 19:50:17','2025-12-31 00:00:00','teacher_sci1'),('SCI003','생명과학 집중 강의',80000,'2024-10-24 19:50:17','2025-12-31 00:00:00','teacher_sci2'),('SOC001','한국사 핵심 정리',55000,'2024-10-24 19:50:17','2025-12-31 00:00:00','teacher_soc1'),('SOC002','세계사 주요 사건',65000,'2024-10-24 19:50:17','2025-12-31 00:00:00','teacher_soc1'),('SOC003','사회문화 개념 정리',60000,'2024-10-24 19:50:17','2025-12-31 00:00:00','teacher_soc2');
/*!40000 ALTER TABLE `TBL_LECTURE` ENABLE KEYS */;
UNLOCK TABLES;

--
-- Table structure for table `TBL_LECTURE_DETAIL`
--

DROP TABLE IF EXISTS `TBL_LECTURE_DETAIL`;
/*!40101 SET @saved_cs_client     = @@character_set_client */;
/*!50503 SET character_set_client = utf8mb4 */;
CREATE TABLE `TBL_LECTURE_DETAIL` (
  `lecture_detail_idx` int NOT NULL AUTO_INCREMENT COMMENT '강의 상세 아이디',
  `lecture_code` varchar(50) CHARACTER SET utf8mb4 COLLATE utf8mb4_general_ci NOT NULL COMMENT '강의 코드',
  `lecture_detail_content` text CHARACTER SET utf8mb4 COLLATE utf8mb4_general_ci NOT NULL COMMENT '강의 상세 내용',
  `lecture_detail_file_path` varchar(200) CHARACTER SET utf8mb4 COLLATE utf8mb4_general_ci NOT NULL COMMENT '강의 상세 파일 경로',
  `lecture_detail_file_name` varchar(255) CHARACTER SET utf8mb4 COLLATE utf8mb4_general_ci NOT NULL COMMENT '강의 상세 파일 이름',
  `lecture_detail_file_size` bigint NOT NULL COMMENT '강의 상세 파일 사이즈',
  PRIMARY KEY (`lecture_detail_idx`),
  KEY `fk_lecture_detail_lecture` (`lecture_code`),
  CONSTRAINT `fk_lecture_detail_lecture` FOREIGN KEY (`lecture_code`) REFERENCES `TBL_LECTURE` (`lecture_code`)
) ENGINE=InnoDB AUTO_INCREMENT=511 DEFAULT CHARSET=utf8mb4 COLLATE=utf8mb4_general_ci;
/*!40101 SET character_set_client = @saved_cs_client */;

--
-- Dumping data for table `TBL_LECTURE_DETAIL`
--

LOCK TABLES `TBL_LECTURE_DETAIL` WRITE;
/*!40000 ALTER TABLE `TBL_LECTURE_DETAIL` DISABLE KEYS */;
INSERT INTO `TBL_LECTURE_DETAIL` VALUES (256,'ENG001','중등 영어 문법 - 영어 10강','/lectures/eng/eng001_lecture_10.mp4','eng001_lecture_10.mp4',1194169729),(257,'ENG001','중등 영어 문법 - 영어 9강','/lectures/eng/eng001_lecture_9.mp4','eng001_lecture_9.mp4',1317287096),(258,'ENG001','중등 영어 문법 - 영어 8강','/lectures/eng/eng001_lecture_8.mp4','eng001_lecture_8.mp4',1003926339),(259,'ENG001','중등 영어 문법 - 영어 7강','/lectures/eng/eng001_lecture_7.mp4','eng001_lecture_7.mp4',567770453),(260,'ENG001','중등 영어 문법 - 영어 6강','/lectures/eng/eng001_lecture_6.mp4','eng001_lecture_6.mp4',827073294),(261,'ENG001','중등 영어 문법 - 영어 5강','/lectures/eng/eng001_lecture_5.mp4','eng001_lecture_5.mp4',1932055161),(262,'ENG001','중등 영어 문법 - 영어 4강','/lectures/eng/eng001_lecture_4.mp4','eng001_lecture_4.mp4',679055967),(263,'ENG001','중등 영어 문법 - 영어 3강','/lectures/eng/eng001_lecture_3.mp4','eng001_lecture_3.mp4',1599114399),(264,'ENG001','중등 영어 문법 - 영어 2강','/lectures/eng/eng001_lecture_2.mp4','eng001_lecture_2.mp4',958404143),(265,'ENG001','중등 영어 문법 - 영어 1강','/lectures/eng/eng001_lecture_1.mp4','eng001_lecture_1.mp4',994677562),(266,'ENG002','토익 고득점 비법 - 영어 10강','/lectures/eng/eng002_lecture_10.mp4','eng002_lecture_10.mp4',1598175429),(267,'ENG002','토익 고득점 비법 - 영어 9강','/lectures/eng/eng002_lecture_9.mp4','eng002_lecture_9.mp4',1506844507),(268,'ENG002','토익 고득점 비법 - 영어 8강','/lectures/eng/eng002_lecture_8.mp4','eng002_lecture_8.mp4',739696291),(269,'ENG002','토익 고득점 비법 - 영어 7강','/lectures/eng/eng002_lecture_7.mp4','eng002_lecture_7.mp4',1677947984),(270,'ENG002','토익 고득점 비법 - 영어 6강','/lectures/eng/eng002_lecture_6.mp4','eng002_lecture_6.mp4',1170651093),(271,'ENG002','토익 고득점 비법 - 영어 5강','/lectures/eng/eng002_lecture_5.mp4','eng002_lecture_5.mp4',1819411560),(272,'ENG002','토익 고득점 비법 - 영어 4강','/lectures/eng/eng002_lecture_4.mp4','eng002_lecture_4.mp4',585104568),(273,'ENG002','토익 고득점 비법 - 영어 3강','/lectures/eng/eng002_lecture_3.mp4','eng002_lecture_3.mp4',1467288206),(274,'ENG002','토익 고득점 비법 - 영어 2강','/lectures/eng/eng002_lecture_2.mp4','eng002_lecture_2.mp4',581127372),(275,'ENG002','토익 고득점 비법 - 영어 1강','/lectures/eng/eng002_lecture_1.mp4','eng002_lecture_1.mp4',1003772288),(276,'ENG003','영어 회화 마스터 - 영어 10강','/lectures/eng/eng003_lecture_10.mp4','eng003_lecture_10.mp4',1275479370),(277,'ENG003','영어 회화 마스터 - 영어 9강','/lectures/eng/eng003_lecture_9.mp4','eng003_lecture_9.mp4',1366080032),(278,'ENG003','영어 회화 마스터 - 영어 8강','/lectures/eng/eng003_lecture_8.mp4','eng003_lecture_8.mp4',1003962096),(279,'ENG003','영어 회화 마스터 - 영어 7강','/lectures/eng/eng003_lecture_7.mp4','eng003_lecture_7.mp4',1921570431),(280,'ENG003','영어 회화 마스터 - 영어 6강','/lectures/eng/eng003_lecture_6.mp4','eng003_lecture_6.mp4',1595965914),(281,'ENG003','영어 회화 마스터 - 영어 5강','/lectures/eng/eng003_lecture_5.mp4','eng003_lecture_5.mp4',1715118322),(282,'ENG003','영어 회화 마스터 - 영어 4강','/lectures/eng/eng003_lecture_4.mp4','eng003_lecture_4.mp4',1787693915),(283,'ENG003','영어 회화 마스터 - 영어 3강','/lectures/eng/eng003_lecture_3.mp4','eng003_lecture_3.mp4',1793114655),(284,'ENG003','영어 회화 마스터 - 영어 2강','/lectures/eng/eng003_lecture_2.mp4','eng003_lecture_2.mp4',1602491577),(285,'ENG003','영어 회화 마스터 - 영어 1강','/lectures/eng/eng003_lecture_1.mp4','eng003_lecture_1.mp4',633113968),(286,'KOR001','고등 국어 기초 - 국어 10강','/lectures/kor/kor001_lecture_10.mp4','kor001_lecture_10.mp4',858095154),(287,'KOR001','고등 국어 기초 - 국어 9강','/lectures/kor/kor001_lecture_9.mp4','kor001_lecture_9.mp4',1891133913),(288,'KOR001','고등 국어 기초 - 국어 8강','/lectures/kor/kor001_lecture_8.mp4','kor001_lecture_8.mp4',1881384150),(289,'KOR001','고등 국어 기초 - 국어 7강','/lectures/kor/kor001_lecture_7.mp4','kor001_lecture_7.mp4',1733519059),(290,'KOR001','고등 국어 기초 - 국어 6강','/lectures/kor/kor001_lecture_6.mp4','kor001_lecture_6.mp4',1023442892),(291,'KOR001','고등 국어 기초 - 국어 5강','/lectures/kor/kor001_lecture_5.mp4','kor001_lecture_5.mp4',916657328),(292,'KOR001','고등 국어 기초 - 국어 4강','/lectures/kor/kor001_lecture_4.mp4','kor001_lecture_4.mp4',1012958011),(293,'KOR001','고등 국어 기초 - 국어 3강','/lectures/kor/kor001_lecture_3.mp4','kor001_lecture_3.mp4',1814818118),(294,'KOR001','고등 국어 기초 - 국어 2강','/lectures/kor/kor001_lecture_2.mp4','kor001_lecture_2.mp4',1035216603),(295,'KOR001','고등 국어 기초 - 국어 1강','/lectures/kor/kor001_lecture_1.mp4','kor001_lecture_1.mp4',731628710),(296,'KOR002','수능 국어 마스터 - 국어 10강','/lectures/kor/kor002_lecture_10.mp4','kor002_lecture_10.mp4',1552493785),(297,'KOR002','수능 국어 마스터 - 국어 9강','/lectures/kor/kor002_lecture_9.mp4','kor002_lecture_9.mp4',567582841),(298,'KOR002','수능 국어 마스터 - 국어 8강','/lectures/kor/kor002_lecture_8.mp4','kor002_lecture_8.mp4',680432896),(299,'KOR002','수능 국어 마스터 - 국어 7강','/lectures/kor/kor002_lecture_7.mp4','kor002_lecture_7.mp4',1199416004),(300,'KOR002','수능 국어 마스터 - 국어 6강','/lectures/kor/kor002_lecture_6.mp4','kor002_lecture_6.mp4',1955781378),(301,'KOR002','수능 국어 마스터 - 국어 5강','/lectures/kor/kor002_lecture_5.mp4','kor002_lecture_5.mp4',1180658926),(302,'KOR002','수능 국어 마스터 - 국어 4강','/lectures/kor/kor002_lecture_4.mp4','kor002_lecture_4.mp4',1035950544),(303,'KOR002','수능 국어 마스터 - 국어 3강','/lectures/kor/kor002_lecture_3.mp4','kor002_lecture_3.mp4',1137775987),(304,'KOR002','수능 국어 마스터 - 국어 2강','/lectures/kor/kor002_lecture_2.mp4','kor002_lecture_2.mp4',581028348),(305,'KOR002','수능 국어 마스터 - 국어 1강','/lectures/kor/kor002_lecture_1.mp4','kor002_lecture_1.mp4',1991813826),(306,'KOR003','문학 작품 분석 - 국어 10강','/lectures/kor/kor003_lecture_10.mp4','kor003_lecture_10.mp4',1715984135),(307,'KOR003','문학 작품 분석 - 국어 9강','/lectures/kor/kor003_lecture_9.mp4','kor003_lecture_9.mp4',604479241),(308,'KOR003','문학 작품 분석 - 국어 8강','/lectures/kor/kor003_lecture_8.mp4','kor003_lecture_8.mp4',1874443847),(309,'KOR003','문학 작품 분석 - 국어 7강','/lectures/kor/kor003_lecture_7.mp4','kor003_lecture_7.mp4',1058781557),(310,'KOR003','문학 작품 분석 - 국어 6강','/lectures/kor/kor003_lecture_6.mp4','kor003_lecture_6.mp4',670576293),(311,'KOR003','문학 작품 분석 - 국어 5강','/lectures/kor/kor003_lecture_5.mp4','kor003_lecture_5.mp4',1176536841),(312,'KOR003','문학 작품 분석 - 국어 4강','/lectures/kor/kor003_lecture_4.mp4','kor003_lecture_4.mp4',1870955370),(313,'KOR003','문학 작품 분석 - 국어 3강','/lectures/kor/kor003_lecture_3.mp4','kor003_lecture_3.mp4',825166374),(314,'KOR003','문학 작품 분석 - 국어 2강','/lectures/kor/kor003_lecture_2.mp4','kor003_lecture_2.mp4',1012965806),(315,'KOR003','문학 작품 분석 - 국어 1강','/lectures/kor/kor003_lecture_1.mp4','kor003_lecture_1.mp4',589329957),(316,'MATH001','중학 수학 기초 - 수학 10강','/lectures/mat/math001_lecture_10.mp4','math001_lecture_10.mp4',907752411),(317,'MATH001','중학 수학 기초 - 수학 9강','/lectures/mat/math001_lecture_9.mp4','math001_lecture_9.mp4',770772231),(318,'MATH001','중학 수학 기초 - 수학 8강','/lectures/mat/math001_lecture_8.mp4','math001_lecture_8.mp4',630603969),(319,'MATH001','중학 수학 기초 - 수학 7강','/lectures/mat/math001_lecture_7.mp4','math001_lecture_7.mp4',1840703199),(320,'MATH001','중학 수학 기초 - 수학 6강','/lectures/mat/math001_lecture_6.mp4','math001_lecture_6.mp4',811704136),(321,'MATH001','중학 수학 기초 - 수학 5강','/lectures/mat/math001_lecture_5.mp4','math001_lecture_5.mp4',1036411129),(322,'MATH001','중학 수학 기초 - 수학 4강','/lectures/mat/math001_lecture_4.mp4','math001_lecture_4.mp4',746943285),(323,'MATH001','중학 수학 기초 - 수학 3강','/lectures/mat/math001_lecture_3.mp4','math001_lecture_3.mp4',1625483083),(324,'MATH001','중학 수학 기초 - 수학 2강','/lectures/mat/math001_lecture_2.mp4','math001_lecture_2.mp4',886585608),(325,'MATH001','중학 수학 기초 - 수학 1강','/lectures/mat/math001_lecture_1.mp4','math001_lecture_1.mp4',556478835),(326,'MATH002','수능 수학 실전 - 수학 10강','/lectures/mat/math002_lecture_10.mp4','math002_lecture_10.mp4',1122637398),(327,'MATH002','수능 수학 실전 - 수학 9강','/lectures/mat/math002_lecture_9.mp4','math002_lecture_9.mp4',1943750531),(328,'MATH002','수능 수학 실전 - 수학 8강','/lectures/mat/math002_lecture_8.mp4','math002_lecture_8.mp4',1350840508),(329,'MATH002','수능 수학 실전 - 수학 7강','/lectures/mat/math002_lecture_7.mp4','math002_lecture_7.mp4',1922950993),(330,'MATH002','수능 수학 실전 - 수학 6강','/lectures/mat/math002_lecture_6.mp4','math002_lecture_6.mp4',562233489),(331,'MATH002','수능 수학 실전 - 수학 5강','/lectures/mat/math002_lecture_5.mp4','math002_lecture_5.mp4',1042314512),(332,'MATH002','수능 수학 실전 - 수학 4강','/lectures/mat/math002_lecture_4.mp4','math002_lecture_4.mp4',1524872140),(333,'MATH002','수능 수학 실전 - 수학 3강','/lectures/mat/math002_lecture_3.mp4','math002_lecture_3.mp4',997417212),(334,'MATH002','수능 수학 실전 - 수학 2강','/lectures/mat/math002_lecture_2.mp4','math002_lecture_2.mp4',1412469687),(335,'MATH002','수능 수학 실전 - 수학 1강','/lectures/mat/math002_lecture_1.mp4','math002_lecture_1.mp4',570096846),(336,'MATH003','고등 수학 심화 - 수학 10강','/lectures/mat/math003_lecture_10.mp4','math003_lecture_10.mp4',1113075214),(337,'MATH003','고등 수학 심화 - 수학 9강','/lectures/mat/math003_lecture_9.mp4','math003_lecture_9.mp4',1855085577),(338,'MATH003','고등 수학 심화 - 수학 8강','/lectures/mat/math003_lecture_8.mp4','math003_lecture_8.mp4',936202292),(339,'MATH003','고등 수학 심화 - 수학 7강','/lectures/mat/math003_lecture_7.mp4','math003_lecture_7.mp4',1615754774),(340,'MATH003','고등 수학 심화 - 수학 6강','/lectures/mat/math003_lecture_6.mp4','math003_lecture_6.mp4',1770167041),(341,'MATH003','고등 수학 심화 - 수학 5강','/lectures/mat/math003_lecture_5.mp4','math003_lecture_5.mp4',503570929),(342,'MATH003','고등 수학 심화 - 수학 4강','/lectures/mat/math003_lecture_4.mp4','math003_lecture_4.mp4',1207353570),(343,'MATH003','고등 수학 심화 - 수학 3강','/lectures/mat/math003_lecture_3.mp4','math003_lecture_3.mp4',1026055108),(344,'MATH003','고등 수학 심화 - 수학 2강','/lectures/mat/math003_lecture_2.mp4','math003_lecture_2.mp4',1008214876),(345,'MATH003','고등 수학 심화 - 수학 1강','/lectures/mat/math003_lecture_1.mp4','math003_lecture_1.mp4',1462909106),(346,'SCI001','중등 과학 종합 - 과학 10강','/lectures/sci/sci001_lecture_10.mp4','sci001_lecture_10.mp4',789900945),(347,'SCI001','중등 과학 종합 - 과학 9강','/lectures/sci/sci001_lecture_9.mp4','sci001_lecture_9.mp4',560777456),(348,'SCI001','중등 과학 종합 - 과학 8강','/lectures/sci/sci001_lecture_8.mp4','sci001_lecture_8.mp4',1434184491),(349,'SCI001','중등 과학 종합 - 과학 7강','/lectures/sci/sci001_lecture_7.mp4','sci001_lecture_7.mp4',1988590134),(350,'SCI001','중등 과학 종합 - 과학 6강','/lectures/sci/sci001_lecture_6.mp4','sci001_lecture_6.mp4',640397242),(351,'SCI001','중등 과학 종합 - 과학 5강','/lectures/sci/sci001_lecture_5.mp4','sci001_lecture_5.mp4',1236215857),(352,'SCI001','중등 과학 종합 - 과학 4강','/lectures/sci/sci001_lecture_4.mp4','sci001_lecture_4.mp4',759887605),(353,'SCI001','중등 과학 종합 - 과학 3강','/lectures/sci/sci001_lecture_3.mp4','sci001_lecture_3.mp4',1090790499),(354,'SCI001','중등 과학 종합 - 과학 2강','/lectures/sci/sci001_lecture_2.mp4','sci001_lecture_2.mp4',1174289728),(355,'SCI001','중등 과학 종합 - 과학 1강','/lectures/sci/sci001_lecture_1.mp4','sci001_lecture_1.mp4',599077188),(356,'SCI002','고등 물리 심화 - 과학 10강','/lectures/sci/sci002_lecture_10.mp4','sci002_lecture_10.mp4',1972516803),(357,'SCI002','고등 물리 심화 - 과학 9강','/lectures/sci/sci002_lecture_9.mp4','sci002_lecture_9.mp4',1565352500),(358,'SCI002','고등 물리 심화 - 과학 8강','/lectures/sci/sci002_lecture_8.mp4','sci002_lecture_8.mp4',1409212136),(359,'SCI002','고등 물리 심화 - 과학 7강','/lectures/sci/sci002_lecture_7.mp4','sci002_lecture_7.mp4',1850003227),(360,'SCI002','고등 물리 심화 - 과학 6강','/lectures/sci/sci002_lecture_6.mp4','sci002_lecture_6.mp4',1522379773),(361,'SCI002','고등 물리 심화 - 과학 5강','/lectures/sci/sci002_lecture_5.mp4','sci002_lecture_5.mp4',1561889232),(362,'SCI002','고등 물리 심화 - 과학 4강','/lectures/sci/sci002_lecture_4.mp4','sci002_lecture_4.mp4',1242306886),(363,'SCI002','고등 물리 심화 - 과학 3강','/lectures/sci/sci002_lecture_3.mp4','sci002_lecture_3.mp4',1025866779),(364,'SCI002','고등 물리 심화 - 과학 2강','/lectures/sci/sci002_lecture_2.mp4','sci002_lecture_2.mp4',902413285),(365,'SCI002','고등 물리 심화 - 과학 1강','/lectures/sci/sci002_lecture_1.mp4','sci002_lecture_1.mp4',934466136),(366,'SCI003','생명과학 집중 강의 - 과학 10강','/lectures/sci/sci003_lecture_10.mp4','sci003_lecture_10.mp4',1465090869),(367,'SCI003','생명과학 집중 강의 - 과학 9강','/lectures/sci/sci003_lecture_9.mp4','sci003_lecture_9.mp4',1022055984),(368,'SCI003','생명과학 집중 강의 - 과학 8강','/lectures/sci/sci003_lecture_8.mp4','sci003_lecture_8.mp4',1715007362),(369,'SCI003','생명과학 집중 강의 - 과학 7강','/lectures/sci/sci003_lecture_7.mp4','sci003_lecture_7.mp4',508868904),(370,'SCI003','생명과학 집중 강의 - 과학 6강','/lectures/sci/sci003_lecture_6.mp4','sci003_lecture_6.mp4',1399322479),(371,'SCI003','생명과학 집중 강의 - 과학 5강','/lectures/sci/sci003_lecture_5.mp4','sci003_lecture_5.mp4',1970005732),(372,'SCI003','생명과학 집중 강의 - 과학 4강','/lectures/sci/sci003_lecture_4.mp4','sci003_lecture_4.mp4',652061268),(373,'SCI003','생명과학 집중 강의 - 과학 3강','/lectures/sci/sci003_lecture_3.mp4','sci003_lecture_3.mp4',1350289192),(374,'SCI003','생명과학 집중 강의 - 과학 2강','/lectures/sci/sci003_lecture_2.mp4','sci003_lecture_2.mp4',1295262203),(375,'SCI003','생명과학 집중 강의 - 과학 1강','/lectures/sci/sci003_lecture_1.mp4','sci003_lecture_1.mp4',1925443486),(376,'SOC001','한국사 핵심 정리 - 사회 10강','/lectures/soc/soc001_lecture_10.mp4','soc001_lecture_10.mp4',741430868),(377,'SOC001','한국사 핵심 정리 - 사회 9강','/lectures/soc/soc001_lecture_9.mp4','soc001_lecture_9.mp4',1930823926),(378,'SOC001','한국사 핵심 정리 - 사회 8강','/lectures/soc/soc001_lecture_8.mp4','soc001_lecture_8.mp4',929827075),(379,'SOC001','한국사 핵심 정리 - 사회 7강','/lectures/soc/soc001_lecture_7.mp4','soc001_lecture_7.mp4',1356663642),(380,'SOC001','한국사 핵심 정리 - 사회 6강','/lectures/soc/soc001_lecture_6.mp4','soc001_lecture_6.mp4',1993837033),(381,'SOC001','한국사 핵심 정리 - 사회 5강','/lectures/soc/soc001_lecture_5.mp4','soc001_lecture_5.mp4',899194287),(382,'SOC001','한국사 핵심 정리 - 사회 4강','/lectures/soc/soc001_lecture_4.mp4','soc001_lecture_4.mp4',1014460379),(383,'SOC001','한국사 핵심 정리 - 사회 3강','/lectures/soc/soc001_lecture_3.mp4','soc001_lecture_3.mp4',1874719083),(384,'SOC001','한국사 핵심 정리 - 사회 2강','/lectures/soc/soc001_lecture_2.mp4','soc001_lecture_2.mp4',1330214325),(385,'SOC001','한국사 핵심 정리 - 사회 1강','/lectures/soc/soc001_lecture_1.mp4','soc001_lecture_1.mp4',526914421),(386,'SOC002','세계사 주요 사건 - 사회 10강','/lectures/soc/soc002_lecture_10.mp4','soc002_lecture_10.mp4',1143929175),(387,'SOC002','세계사 주요 사건 - 사회 9강','/lectures/soc/soc002_lecture_9.mp4','soc002_lecture_9.mp4',638902661),(388,'SOC002','세계사 주요 사건 - 사회 8강','/lectures/soc/soc002_lecture_8.mp4','soc002_lecture_8.mp4',762725826),(389,'SOC002','세계사 주요 사건 - 사회 7강','/lectures/soc/soc002_lecture_7.mp4','soc002_lecture_7.mp4',1396921194),(390,'SOC002','세계사 주요 사건 - 사회 6강','/lectures/soc/soc002_lecture_6.mp4','soc002_lecture_6.mp4',1196428538),(391,'SOC002','세계사 주요 사건 - 사회 5강','/lectures/soc/soc002_lecture_5.mp4','soc002_lecture_5.mp4',1291379157),(392,'SOC002','세계사 주요 사건 - 사회 4강','/lectures/soc/soc002_lecture_4.mp4','soc002_lecture_4.mp4',867610215),(393,'SOC002','세계사 주요 사건 - 사회 3강','/lectures/soc/soc002_lecture_3.mp4','soc002_lecture_3.mp4',1463913652),(394,'SOC002','세계사 주요 사건 - 사회 2강','/lectures/soc/soc002_lecture_2.mp4','soc002_lecture_2.mp4',1216737659),(395,'SOC002','세계사 주요 사건 - 사회 1강','/lectures/soc/soc002_lecture_1.mp4','soc002_lecture_1.mp4',1191947389),(396,'SOC003','사회문화 개념 정리 - 사회 10강','/lectures/soc/soc003_lecture_10.mp4','soc003_lecture_10.mp4',1809524012),(397,'SOC003','사회문화 개념 정리 - 사회 9강','/lectures/soc/soc003_lecture_9.mp4','soc003_lecture_9.mp4',1971777939),(398,'SOC003','사회문화 개념 정리 - 사회 8강','/lectures/soc/soc003_lecture_8.mp4','soc003_lecture_8.mp4',930317705),(399,'SOC003','사회문화 개념 정리 - 사회 7강','/lectures/soc/soc003_lecture_7.mp4','soc003_lecture_7.mp4',1236254757),(400,'SOC003','사회문화 개념 정리 - 사회 6강','/lectures/soc/soc003_lecture_6.mp4','soc003_lecture_6.mp4',1390320718),(401,'SOC003','사회문화 개념 정리 - 사회 5강','/lectures/soc/soc003_lecture_5.mp4','soc003_lecture_5.mp4',1242839363),(402,'SOC003','사회문화 개념 정리 - 사회 4강','/lectures/soc/soc003_lecture_4.mp4','soc003_lecture_4.mp4',1543234707),(403,'SOC003','사회문화 개념 정리 - 사회 3강','/lectures/soc/soc003_lecture_3.mp4','soc003_lecture_3.mp4',1987655493),(404,'SOC003','사회문화 개념 정리 - 사회 2강','/lectures/soc/soc003_lecture_2.mp4','soc003_lecture_2.mp4',1808573391),(405,'SOC003','사회문화 개념 정리 - 사회 1강','/lectures/soc/soc003_lecture_1.mp4','soc003_lecture_1.mp4',1079900521);
/*!40000 ALTER TABLE `TBL_LECTURE_DETAIL` ENABLE KEYS */;
UNLOCK TABLES;

--
-- Table structure for table `TBL_MEMBER`
--

DROP TABLE IF EXISTS `TBL_MEMBER`;
/*!40101 SET @saved_cs_client     = @@character_set_client */;
/*!50503 SET character_set_client = utf8mb4 */;
CREATE TABLE `TBL_MEMBER` (
  `user_id` varchar(50) CHARACTER SET utf8mb4 COLLATE utf8mb4_general_ci NOT NULL COMMENT '회원 아이디',
  `user_pwd` varchar(128) CHARACTER SET utf8mb4 COLLATE utf8mb4_general_ci DEFAULT NULL COMMENT '회원 비밀번호',
  `salt` varchar(128) CHARACTER SET utf8mb4 COLLATE utf8mb4_general_ci DEFAULT NULL COMMENT '회원 비밀번호 솔트',
  `user_name` varchar(50) CHARACTER SET utf8mb4 COLLATE utf8mb4_general_ci DEFAULT NULL COMMENT '회원 이름',
  `user_nickname` varchar(50) CHARACTER SET utf8mb4 COLLATE utf8mb4_general_ci DEFAULT NULL COMMENT '회원 닉네임',
  `user_email` varchar(50) CHARACTER SET utf8mb4 COLLATE utf8mb4_general_ci DEFAULT NULL COMMENT '회원 이메일',
  `user_phone` varchar(20) CHARACTER SET utf8mb4 COLLATE utf8mb4_general_ci DEFAULT NULL COMMENT '회원 전화번호',
  `user_birth` date DEFAULT NULL COMMENT '회원 생년월일',
  `user_regdate` datetime DEFAULT CURRENT_TIMESTAMP COMMENT '회원 가입일',
  `user_type` varchar(3) CHARACTER SET utf8mb4 COLLATE utf8mb4_general_ci NOT NULL COMMENT '회원 유형 코드',
  PRIMARY KEY (`user_id`),
  UNIQUE KEY `uq_user_nickname` (`user_nickname`),
  KEY `fk_member_type` (`user_type`),
  CONSTRAINT `fk_member_type` FOREIGN KEY (`user_type`) REFERENCES `TBL_MEMBER_TYPE` (`user_type`)
) ENGINE=InnoDB DEFAULT CHARSET=utf8mb4 COLLATE=utf8mb4_general_ci;
/*!40101 SET character_set_client = @saved_cs_client */;

--
-- Dumping data for table `TBL_MEMBER`
--

LOCK TABLES `TBL_MEMBER` WRITE;
/*!40000 ALTER TABLE `TBL_MEMBER` DISABLE KEYS */;
INSERT INTO `TBL_MEMBER` VALUES ('student001','hashed_password','salt_value','학생1','열공이1','student1@example.com','01031585498','2004-03-11','2024-10-24 19:50:17','S01'),('student002','hashed_password','salt_value','학생2','열공이2','student2@example.com','01014980467','2004-11-25','2024-10-24 19:50:17','S01'),('student003','hashed_password','salt_value','학생3','열공이3','student3@example.com','01000359419','2005-06-16','2024-10-24 19:50:17','S01'),('student004','hashed_password','salt_value','학생4','열공이4','student4@example.com','01072004784','2009-08-11','2024-10-24 19:50:17','S01'),('student005','hashed_password','salt_value','학생5','열공이5','student5@example.com','01064856156','2003-07-29','2024-10-24 19:50:17','S01'),('student006','hashed_password','salt_value','학생6','열공이6','student6@example.com','01084223944','2001-05-20','2024-10-24 19:50:17','S01'),('student007','hashed_password','salt_value','학생7','열공이7','student7@example.com','01016549563','2004-02-13','2024-10-24 19:50:17','S01'),('student008','hashed_password','salt_value','학생8','열공이8','student8@example.com','01056426239','2005-11-04','2024-10-24 19:50:17','S01'),('student009','hashed_password','salt_value','학생9','열공이9','student9@example.com','01023152501','2004-01-11','2024-10-24 19:50:17','S01'),('student010','hashed_password','salt_value','학생10','열공이10','student10@example.com','01032061393','2003-12-08','2024-10-24 19:50:17','S01'),('student011','hashed_password','salt_value','학생11','열공이11','student11@example.com','01000793999','2008-07-28','2024-10-24 19:50:17','S01'),('student012','hashed_password','salt_value','학생12','열공이12','student12@example.com','01026533480','2007-07-12','2024-10-24 19:50:17','S01'),('student013','hashed_password','salt_value','학생13','열공이13','student13@example.com','01096990149','2005-11-23','2024-10-24 19:50:17','S01'),('student014','hashed_password','salt_value','학생14','열공이14','student14@example.com','01004011550','2004-04-21','2024-10-24 19:50:17','S01'),('student015','hashed_password','salt_value','학생15','열공이15','student15@example.com','01003308148','2008-09-22','2024-10-24 19:50:17','S01'),('student016','hashed_password','salt_value','학생16','열공이16','student16@example.com','01026750887','2007-03-03','2024-10-24 19:50:17','S01'),('student017','hashed_password','salt_value','학생17','열공이17','student17@example.com','01078493551','2007-09-19','2024-10-24 19:50:17','S01'),('student018','hashed_password','salt_value','학생18','열공이18','student18@example.com','01050619522','2002-02-21','2024-10-24 19:50:17','S01'),('student019','hashed_password','salt_value','학생19','열공이19','student19@example.com','01055328991','2001-03-26','2024-10-24 19:50:17','S01'),('student020','hashed_password','salt_value','학생20','열공이20','student20@example.com','01095675158','2004-02-19','2024-10-24 19:50:17','S01'),('student021','hashed_password','salt_value','학생21','열공이21','student21@example.com','01019867111','2007-07-07','2024-10-24 19:50:17','S01'),('student022','hashed_password','salt_value','학생22','열공이22','student22@example.com','01016398713','2005-08-20','2024-10-24 19:50:17','S01'),('student023','hashed_password','salt_value','학생23','열공이23','student23@example.com','01032771591','2009-06-17','2024-10-24 19:50:17','S01'),('student024','hashed_password','salt_value','학생24','열공이24','student24@example.com','01075071843','2009-02-15','2024-10-24 19:50:17','S01'),('student025','hashed_password','salt_value','학생25','열공이25','student25@example.com','01031420726','2008-04-21','2024-10-24 19:50:17','S01'),('teacher_eng1','hashed_password','salt_value','이영어','영어선생님1','english1@teacher.com','01023456789','1982-02-02','2024-10-24 19:50:17','T02'),('teacher_eng2','hashed_password','salt_value','최영어','영어선생님2','english2@teacher.com','01023456790','1983-02-03','2024-10-24 19:50:17','T02'),('teacher_kor1','hashed_password','salt_value','김국어','국어선생님1','korean1@teacher.com','01012345678','1980-01-01','2024-10-24 19:50:17','T01'),('teacher_kor2','hashed_password','salt_value','박국어','국어선생님2','korean2@teacher.com','01012345679','1981-01-02','2024-10-24 19:50:17','T01'),('teacher_math1','hashed_password','salt_value','박수학','수학선생님1','math1@teacher.com','01034567890','1985-03-03','2024-10-24 19:50:17','T03'),('teacher_math2','hashed_password','salt_value','정수학','수학선생님2','math2@teacher.com','01034567891','1986-03-04','2024-10-24 19:50:17','T03'),('teacher_sci1','hashed_password','salt_value','최과학','과학선생님1','science1@teacher.com','01045678901','1988-04-04','2024-10-24 19:50:17','T04'),('teacher_sci2','hashed_password','salt_value','강과학','과학선생님2','science2@teacher.com','01045678902','1989-04-05','2024-10-24 19:50:17','T04'),('teacher_soc1','hashed_password','salt_value','정사회','사회선생님1','social1@teacher.com','01056789012','1990-05-05','2024-10-24 19:50:17','T05'),('teacher_soc2','hashed_password','salt_value','윤사회','사회선생님2','social2@teacher.com','01056789013','1991-05-06','2024-10-24 19:50:17','T05');
/*!40000 ALTER TABLE `TBL_MEMBER` ENABLE KEYS */;
UNLOCK TABLES;

--
-- Table structure for table `TBL_MEMBER_TYPE`
--

DROP TABLE IF EXISTS `TBL_MEMBER_TYPE`;
/*!40101 SET @saved_cs_client     = @@character_set_client */;
/*!50503 SET character_set_client = utf8mb4 */;
CREATE TABLE `TBL_MEMBER_TYPE` (
  `user_type` varchar(3) CHARACTER SET utf8mb4 COLLATE utf8mb4_general_ci NOT NULL COMMENT '회원 유형 코드',
  `user_type_name` varchar(50) CHARACTER SET utf8mb4 COLLATE utf8mb4_general_ci NOT NULL COMMENT '회원 유형 이름',
  PRIMARY KEY (`user_type`)
) ENGINE=InnoDB DEFAULT CHARSET=utf8mb4 COLLATE=utf8mb4_general_ci;
/*!40101 SET character_set_client = @saved_cs_client */;

--
-- Dumping data for table `TBL_MEMBER_TYPE`
--

LOCK TABLES `TBL_MEMBER_TYPE` WRITE;
/*!40000 ALTER TABLE `TBL_MEMBER_TYPE` DISABLE KEYS */;
INSERT INTO `TBL_MEMBER_TYPE` VALUES ('A00','어드민'),('S01','학생'),('T01','국어 선생님'),('T02','영어 선생님'),('T03','수학 선생님'),('T04','과학 선생님'),('T05','사회 선생님');
/*!40000 ALTER TABLE `TBL_MEMBER_TYPE` ENABLE KEYS */;
UNLOCK TABLES;

--
-- Table structure for table `TBL_PAYMENT`
--

DROP TABLE IF EXISTS `TBL_PAYMENT`;
/*!40101 SET @saved_cs_client     = @@character_set_client */;
/*!50503 SET character_set_client = utf8mb4 */;
CREATE TABLE `TBL_PAYMENT` (
  `payment_idx` int unsigned NOT NULL AUTO_INCREMENT,
  `user_id` varchar(50) CHARACTER SET utf8mb4 COLLATE utf8mb4_general_ci NOT NULL COMMENT '결제 학생 아이디',
  `lecture_code` varchar(50) CHARACTER SET utf8mb4 COLLATE utf8mb4_general_ci NOT NULL COMMENT '결제 강의 코드',
  `payment_date` timestamp NULL DEFAULT NULL,
  `payment_status` char(1) CHARACTER SET utf8mb4 COLLATE utf8mb4_general_ci NOT NULL COMMENT '결제 상태 (P: 결제 완료, R: 환불 ,I : 결제 미완료)',
  `lecture_start_date` datetime DEFAULT NULL COMMENT '수강 시작일',
  PRIMARY KEY (`payment_idx`),
  KEY `fk_payment_user` (`user_id`),
  KEY `fk_payment_lecture` (`lecture_code`),
  CONSTRAINT `fk_payment_lecture` FOREIGN KEY (`lecture_code`) REFERENCES `TBL_LECTURE` (`lecture_code`),
  CONSTRAINT `fk_payment_user` FOREIGN KEY (`user_id`) REFERENCES `TBL_MEMBER` (`user_id`)
) ENGINE=InnoDB AUTO_INCREMENT=331 DEFAULT CHARSET=utf8mb4 COLLATE=utf8mb4_general_ci;
/*!40101 SET character_set_client = @saved_cs_client */;

--
-- Dumping data for table `TBL_PAYMENT`
--

LOCK TABLES `TBL_PAYMENT` WRITE;
/*!40000 ALTER TABLE `TBL_PAYMENT` DISABLE KEYS */;
INSERT INTO `TBL_PAYMENT` VALUES (76,'student003','SCI002','2024-05-17 15:00:00','P','2024-08-02 00:00:00'),(77,'student025','SCI003','2024-05-22 15:00:00','P','2024-05-14 00:00:00'),(78,'student004','SOC002','2024-06-12 15:00:00','P','2024-09-12 00:00:00'),(79,'student022','SCI003','2024-05-24 15:00:00','P','2024-08-05 00:00:00'),(80,'student023','KOR001','2024-06-17 15:00:00','P','2024-07-12 00:00:00'),(81,'student019','SCI003','2024-09-10 15:00:00','P','2024-09-22 00:00:00'),(82,'student020','SOC001','2024-05-28 15:00:00','P','2024-05-07 00:00:00'),(83,'student024','ENG002','2024-07-05 15:00:00','P','2024-09-12 00:00:00'),(84,'student001','SOC002','2024-05-24 15:00:00','P','2024-08-09 00:00:00'),(85,'student014','SOC002','2024-08-14 15:00:00','P','2024-08-27 00:00:00'),(86,'student019','SOC002','2024-05-07 15:00:00','P','2024-08-19 00:00:00'),(87,'student013','KOR002','2024-08-08 15:00:00','P','2024-05-18 00:00:00'),(88,'student005','SCI001','2024-06-01 15:00:00','P','2024-10-08 00:00:00'),(89,'student004','KOR001','2024-07-21 15:00:00','P','2024-10-22 00:00:00'),(90,'student007','SCI003','2024-08-19 15:00:00','P','2024-08-02 00:00:00'),(91,'student011','SCI002','2024-09-24 15:00:00','P','2024-10-14 00:00:00'),(92,'student002','MATH002','2024-06-04 15:00:00','P','2024-07-18 00:00:00'),(93,'student025','MATH002','2024-05-06 15:00:00','P','2024-10-13 00:00:00'),(94,'student012','ENG003','2024-07-01 15:00:00','P','2024-09-17 00:00:00'),(95,'student008','KOR001','2024-10-22 15:00:00','P','2024-08-12 00:00:00'),(96,'student006','ENG002','2024-05-06 15:00:00','P','2024-10-13 00:00:00'),(97,'student003','SCI003','2024-07-06 15:00:00','P','2024-07-19 00:00:00'),(98,'student013','SCI001','2024-04-27 15:00:00','P','2024-10-13 00:00:00'),(99,'student001','MATH002','2024-08-30 15:00:00','P','2024-05-31 00:00:00'),(100,'student024','MATH003','2024-07-21 15:00:00','P','2024-07-03 00:00:00'),(101,'student004','SCI002','2024-05-15 15:00:00','P','2024-06-02 00:00:00'),(102,'student022','SOC001','2024-10-09 15:00:00','P','2024-06-01 00:00:00'),(103,'student004','MATH002','2024-08-19 15:00:00','P','2024-10-13 00:00:00'),(104,'student011','SOC002','2024-07-13 15:00:00','P','2024-07-16 00:00:00'),(105,'student017','SOC001','2024-08-08 15:00:00','R','2024-08-25 00:00:00'),(106,'student017','SCI002','2024-07-14 15:00:00','P','2024-08-13 00:00:00'),(107,'student023','ENG002','2024-10-11 15:00:00','P','2024-07-29 00:00:00'),(108,'student004','SCI001','2024-09-03 15:00:00','P','2024-10-02 00:00:00'),(109,'student007','MATH003','2024-05-15 15:00:00','P','2024-06-28 00:00:00'),(110,'student003','KOR003','2024-05-06 15:00:00','P','2024-07-01 00:00:00'),(111,'student016','MATH002','2024-08-15 15:00:00','P','2024-08-31 00:00:00'),(112,'student012','KOR001','2024-08-06 15:00:00','R','2024-08-24 00:00:00'),(113,'student022','MATH001','2024-07-16 15:00:00','P','2024-05-19 00:00:00'),(114,'student012','KOR002','2024-09-22 15:00:00','P','2024-07-13 00:00:00'),(115,'student018','ENG002','2024-10-04 15:00:00','P','2024-10-12 00:00:00'),(116,'student013','SCI002','2024-10-06 15:00:00','P','2024-05-28 00:00:00'),(117,'student025','KOR003','2024-08-14 15:00:00','P','2024-09-08 00:00:00'),(118,'student019','KOR003','2024-08-27 15:00:00','P','2024-07-05 00:00:00'),(119,'student011','SCI003','2024-05-29 15:00:00','P','2024-06-28 00:00:00'),(120,'student009','SOC001','2024-09-24 15:00:00','P','2024-09-08 00:00:00'),(121,'student021','SOC002','2024-06-07 15:00:00','P','2024-07-25 00:00:00'),(122,'student005','ENG002','2024-09-05 15:00:00','P','2024-08-07 00:00:00'),(123,'student004','SCI003','2024-05-21 15:00:00','P','2024-07-23 00:00:00'),(124,'student024','MATH001','2024-07-09 15:00:00','P','2024-07-31 00:00:00'),(125,'student005','MATH003','2024-07-30 15:00:00','P','2024-05-20 00:00:00'),(126,'student005','SOC002','2024-05-31 15:00:00','P','2024-09-04 00:00:00'),(127,'student004','ENG002','2024-08-22 15:00:00','P','2024-10-11 00:00:00'),(128,'student008','ENG002','2024-09-27 15:00:00','P','2024-07-21 00:00:00'),(129,'student003','MATH001','2024-09-12 15:00:00','P','2024-08-19 00:00:00'),(130,'student017','ENG002','2024-06-08 15:00:00','P','2024-10-06 00:00:00'),(131,'student010','SOC003','2024-09-29 15:00:00','P','2024-09-24 00:00:00'),(132,'student017','SOC003','2024-05-19 15:00:00','R','2024-08-25 00:00:00'),(133,'student017','SCI003','2024-06-28 15:00:00','P','2024-08-01 00:00:00'),(134,'student010','ENG002','2024-05-02 15:00:00','P','2024-08-20 00:00:00'),(135,'student008','ENG001','2024-09-23 15:00:00','P','2024-06-14 00:00:00'),(136,'student009','KOR003','2024-05-27 15:00:00','P','2024-08-27 00:00:00'),(137,'student024','ENG001','2024-10-23 15:00:00','P','2024-10-07 00:00:00'),(138,'student020','ENG002','2024-07-15 15:00:00','P','2024-09-15 00:00:00'),(139,'student024','SOC003','2024-06-03 15:00:00','P','2024-09-07 00:00:00'),(140,'student005','SCI002','2024-08-31 15:00:00','P','2024-08-17 00:00:00'),(141,'student025','ENG002','2024-10-20 15:00:00','P','2024-09-21 00:00:00'),(142,'student013','ENG001','2024-09-10 15:00:00','P','2024-10-18 00:00:00'),(143,'student017','MATH003','2024-05-05 15:00:00','P','2024-06-30 00:00:00'),(144,'student017','SOC002','2024-07-03 15:00:00','P','2024-08-01 00:00:00'),(145,'student014','MATH001','2024-05-31 15:00:00','P','2024-09-03 00:00:00'),(146,'student018','SCI002','2024-07-04 15:00:00','P','2024-09-25 00:00:00'),(147,'student012','SCI002','2024-06-26 15:00:00','P','2024-10-05 00:00:00'),(148,'student002','MATH003','2024-10-06 15:00:00','R','2024-07-24 00:00:00'),(149,'student006','SOC002','2024-10-17 15:00:00','P','2024-09-29 00:00:00'),(150,'student020','KOR003','2024-10-20 15:00:00','P','2024-06-19 00:00:00'),(151,'student009','MATH001','2024-08-04 15:00:00','P','2024-09-29 00:00:00'),(152,'student014','MATH002','2024-09-25 15:00:00','P','2024-06-18 00:00:00'),(153,'student021','MATH003','2024-06-26 15:00:00','P','2024-05-29 00:00:00'),(154,'student011','MATH003','2024-06-05 15:00:00','P','2024-08-12 00:00:00'),(155,'student008','KOR003','2024-07-08 15:00:00','P','2024-09-05 00:00:00'),(156,'student008','SCI003','2024-07-10 15:00:00','P','2024-05-04 00:00:00'),(157,'student014','ENG003','2024-10-18 15:00:00','P','2024-06-27 00:00:00'),(158,'student008','ENG003','2024-07-13 15:00:00','P','2024-07-22 00:00:00'),(159,'student019','KOR002','2024-06-26 15:00:00','P','2024-07-08 00:00:00'),(160,'student010','MATH003','2024-08-01 15:00:00','P','2024-10-15 00:00:00'),(161,'student001','ENG001','2024-07-12 15:00:00','P','2024-08-10 00:00:00'),(162,'student023','SOC003','2024-09-05 15:00:00','P','2024-07-02 00:00:00'),(163,'student012','SOC003','2024-07-15 15:00:00','P','2024-05-07 00:00:00'),(164,'student025','SCI002','2024-09-12 15:00:00','P','2024-06-29 00:00:00'),(165,'student018','SCI001','2024-10-12 15:00:00','P','2024-05-08 00:00:00'),(166,'student006','MATH003','2024-07-26 15:00:00','P','2024-07-28 00:00:00'),(167,'student006','KOR001','2024-10-11 15:00:00','P','2024-05-08 00:00:00'),(168,'student010','SCI003','2024-08-07 15:00:00','P','2024-05-20 00:00:00'),(169,'student002','SOC001','2024-05-25 15:00:00','P','2024-05-25 00:00:00'),(170,'student001','MATH001','2024-08-05 15:00:00','P','2024-10-14 00:00:00'),(171,'student018','KOR002','2024-09-22 15:00:00','P','2024-10-04 00:00:00'),(172,'student020','MATH001','2024-07-24 15:00:00','P','2024-08-07 00:00:00'),(173,'student019','MATH001','2024-06-23 15:00:00','P','2024-09-11 00:00:00'),(174,'student021','SCI001','2024-10-06 15:00:00','P','2024-08-27 00:00:00'),(175,'student002','KOR001','2024-04-30 15:00:00','P','2024-07-01 00:00:00'),(176,'student012','MATH002','2024-08-29 15:00:00','P','2024-05-14 00:00:00'),(177,'student022','MATH002','2024-05-28 15:00:00','P','2024-09-02 00:00:00'),(178,'student007','ENG001','2024-09-09 15:00:00','P','2024-07-28 00:00:00'),(179,'student013','MATH002','2024-07-10 15:00:00','P','2024-05-13 00:00:00'),(180,'student003','SOC003','2024-09-19 15:00:00','P','2024-09-21 00:00:00'),(181,'student011','MATH001','2024-05-07 15:00:00','R','2024-06-16 00:00:00'),(182,'student004','ENG001','2024-09-08 15:00:00','P','2024-07-14 00:00:00'),(183,'student021','MATH002','2024-08-01 15:00:00','P','2024-09-26 00:00:00'),(184,'student006','SOC003','2024-08-16 15:00:00','P','2024-09-17 00:00:00'),(185,'student024','SCI002','2024-08-15 15:00:00','P','2024-09-01 00:00:00'),(186,'student004','MATH003','2024-08-23 15:00:00','P','2024-08-24 00:00:00'),(187,'student009','SOC003','2024-07-25 15:00:00','P','2024-05-30 00:00:00'),(188,'student019','MATH002','2024-08-29 15:00:00','P','2024-08-02 00:00:00'),(189,'student023','ENG001','2024-05-06 15:00:00','P','2024-07-17 00:00:00'),(190,'student017','KOR002','2024-08-28 15:00:00','P','2024-06-24 00:00:00'),(191,'student019','ENG001','2024-09-09 15:00:00','P','2024-10-06 00:00:00'),(192,'student001','ENG002','2024-08-26 15:00:00','P','2024-06-16 00:00:00'),(193,'student024','KOR001','2024-06-19 15:00:00','P','2024-10-08 00:00:00'),(194,'student006','MATH001','2024-10-06 15:00:00','P','2024-06-22 00:00:00'),(195,'student019','SOC003','2024-05-30 15:00:00','P','2024-08-07 00:00:00'),(196,'student020','MATH002','2024-09-30 15:00:00','P','2024-09-01 00:00:00'),(197,'student010','ENG001','2024-04-28 15:00:00','P','2024-10-04 00:00:00'),(198,'student003','ENG001','2024-05-04 15:00:00','P','2024-08-21 00:00:00'),(199,'student004','KOR002','2024-08-04 15:00:00','P','2024-10-06 00:00:00'),(200,'student006','ENG001','2024-09-17 15:00:00','P','2024-06-24 00:00:00'),(201,'student016','SOC003','2024-09-10 15:00:00','P','2024-07-12 00:00:00'),(202,'student007','SCI001','2024-07-03 15:00:00','P','2024-10-20 00:00:00'),(203,'student014','SOC003','2024-06-28 15:00:00','P','2024-07-31 00:00:00'),(204,'student012','SOC001','2024-09-30 15:00:00','P','2024-05-03 00:00:00'),(205,'student002','KOR002','2024-09-29 15:00:00','P','2024-09-27 00:00:00'),(206,'student007','KOR003','2024-08-24 15:00:00','P','2024-08-04 00:00:00'),(207,'student016','SCI002','2024-07-21 15:00:00','P','2024-07-10 00:00:00'),(208,'student005','SOC001','2024-09-20 15:00:00','R','2024-10-12 00:00:00'),(209,'student014','SOC001','2024-05-16 15:00:00','P','2024-06-29 00:00:00'),(210,'student010','KOR003','2024-06-16 15:00:00','P','2024-06-23 00:00:00'),(211,'student018','MATH003','2024-06-08 15:00:00','P','2024-07-04 00:00:00'),(212,'student014','KOR002','2024-10-13 15:00:00','P','2024-09-27 00:00:00'),(213,'student018','SOC002','2024-08-28 15:00:00','P','2024-06-17 00:00:00'),(214,'student009','ENG001','2024-07-22 15:00:00','P','2024-09-20 00:00:00'),(215,'student015','ENG002','2024-05-27 15:00:00','P','2024-10-18 00:00:00'),(216,'student020','SCI003','2024-09-10 15:00:00','P','2024-05-04 00:00:00'),(217,'student024','SOC001','2024-04-30 15:00:00','P','2024-09-05 00:00:00'),(218,'student004','SOC001','2024-04-30 15:00:00','P','2024-09-26 00:00:00'),(219,'student006','ENG003','2024-07-26 15:00:00','P','2024-08-24 00:00:00'),(220,'student007','SOC001','2024-06-12 15:00:00','P','2024-06-15 00:00:00'),(221,'student001','KOR001','2024-05-29 15:00:00','R','2024-08-07 00:00:00'),(222,'student019','ENG003','2024-10-17 15:00:00','P','2024-09-16 00:00:00'),(223,'student017','SCI001','2024-05-21 15:00:00','P','2024-08-21 00:00:00'),(224,'student022','ENG002','2024-09-12 15:00:00','P','2024-08-09 00:00:00'),(225,'student002','ENG003','2024-07-02 15:00:00','P','2024-09-26 00:00:00'),(226,'student013','SOC003','2024-10-15 15:00:00','P','2024-08-28 00:00:00'),(227,'student009','MATH002','2024-08-14 15:00:00','P','2024-05-02 00:00:00'),(228,'student024','SCI003','2024-05-28 15:00:00','R','2024-08-17 00:00:00'),(229,'student004','ENG003','2024-09-16 15:00:00','P','2024-06-01 00:00:00'),(230,'student022','SCI002','2024-06-08 15:00:00','P','2024-05-17 00:00:00'),(231,'student009','KOR001','2024-06-09 15:00:00','P','2024-06-16 00:00:00'),(232,'student005','ENG003','2024-07-13 15:00:00','P','2024-08-05 00:00:00'),(233,'student003','MATH002','2024-08-19 15:00:00','P','2024-05-02 00:00:00'),(234,'student020','SCI002','2024-10-08 15:00:00','P','2024-05-26 00:00:00'),(235,'student021','KOR001','2024-09-19 15:00:00','P','2024-09-18 00:00:00'),(236,'student020','ENG001','2024-06-14 15:00:00','P','2024-05-01 00:00:00'),(237,'student010','MATH002','2024-10-05 15:00:00','P','2024-10-07 00:00:00'),(238,'student023','MATH002','2024-09-24 15:00:00','P','2024-07-28 00:00:00'),(239,'student004','MATH001','2024-05-06 15:00:00','P','2024-07-04 00:00:00'),(240,'student002','ENG001','2024-05-31 15:00:00','P','2024-07-20 00:00:00'),(241,'student016','ENG003','2024-08-01 15:00:00','P','2024-10-20 00:00:00'),(242,'student011','ENG003','2024-07-03 15:00:00','P','2024-07-20 00:00:00'),(243,'student005','MATH002','2024-05-13 15:00:00','P','2024-06-19 00:00:00'),(244,'student020','SCI001','2024-08-11 15:00:00','P','2024-06-17 00:00:00'),(245,'student002','SCI002','2024-07-12 15:00:00','P','2024-08-19 00:00:00'),(246,'student010','ENG003','2024-10-05 15:00:00','P','2024-05-31 00:00:00'),(247,'student002','ENG002','2024-05-06 15:00:00','P','2024-08-08 00:00:00'),(248,'student021','SCI003','2024-09-11 15:00:00','P','2024-06-15 00:00:00'),(249,'student015','ENG001','2024-08-28 15:00:00','P','2024-07-31 00:00:00'),(250,'student023','SOC001','2024-06-10 15:00:00','P','2024-05-10 00:00:00'),(251,'student001','KOR003','2024-06-12 15:00:00','P','2024-06-12 00:00:00'),(252,'student017','MATH002','2024-09-01 15:00:00','P','2024-05-25 00:00:00'),(253,'student025','MATH001','2024-06-07 15:00:00','P','2024-08-27 00:00:00'),(254,'student007','KOR002','2024-05-30 15:00:00','P','2024-09-17 00:00:00'),(255,'student025','SOC002','2024-08-07 15:00:00','P','2024-05-21 00:00:00'),(256,'student014','SCI003','2024-06-20 15:00:00','P','2024-06-30 00:00:00'),(257,'student012','KOR003','2024-10-13 15:00:00','R','2024-07-27 00:00:00'),(258,'student022','SCI001','2024-09-02 15:00:00','P','2024-07-17 00:00:00'),(259,'student025','SCI001','2024-06-07 15:00:00','P','2024-10-09 00:00:00'),(260,'student005','ENG001','2024-07-05 15:00:00','P','2024-08-03 00:00:00'),(261,'student009','ENG002','2024-06-07 15:00:00','P','2024-05-18 00:00:00'),(262,'student011','ENG002','2024-09-02 15:00:00','R','2024-10-03 00:00:00'),(263,'student011','SCI001','2024-09-13 15:00:00','P','2024-05-31 00:00:00'),(264,'student023','KOR002','2024-06-27 15:00:00','P','2024-09-17 00:00:00'),(265,'student004','SOC003','2024-05-19 15:00:00','R','2024-05-15 00:00:00'),(266,'student015','KOR003','2024-10-06 15:00:00','P','2024-06-03 00:00:00'),(267,'student008','MATH003','2024-07-28 15:00:00','R','2024-09-06 00:00:00'),(268,'student021','SOC001','2024-07-02 15:00:00','P','2024-08-13 00:00:00'),(269,'student014','SCI002','2024-04-29 15:00:00','P','2024-09-20 00:00:00'),(270,'student013','MATH003','2024-07-21 15:00:00','P','2024-10-18 00:00:00'),(271,'student019','ENG002','2024-08-25 15:00:00','P','2024-06-19 00:00:00'),(272,'student022','KOR003','2024-08-14 15:00:00','P','2024-10-23 00:00:00'),(273,'student018','ENG003','2024-09-03 15:00:00','P','2024-07-07 00:00:00'),(274,'student009','MATH003','2024-06-13 15:00:00','P','2024-07-22 00:00:00'),(275,'student009','KOR002','2024-09-16 15:00:00','P','2024-05-21 00:00:00');
/*!40000 ALTER TABLE `TBL_PAYMENT` ENABLE KEYS */;
UNLOCK TABLES;

--
-- Table structure for table `TBL_QNA`
--

DROP TABLE IF EXISTS `TBL_QNA`;
/*!40101 SET @saved_cs_client     = @@character_set_client */;
/*!50503 SET character_set_client = utf8mb4 */;
CREATE TABLE `TBL_QNA` (
  `qna_idx` int unsigned NOT NULL AUTO_INCREMENT COMMENT 'QnA 아이디',
  `qna_title` varchar(100) CHARACTER SET utf8mb4 COLLATE utf8mb4_general_ci NOT NULL COMMENT 'QnA 제목',
  `qna_content` text CHARACTER SET utf8mb4 COLLATE utf8mb4_general_ci NOT NULL COMMENT 'QnA 내용',
  `qna_regdate` datetime NOT NULL DEFAULT CURRENT_TIMESTAMP COMMENT 'QnA 등록일',
  `qna_writer` varchar(50) CHARACTER SET utf8mb4 COLLATE utf8mb4_general_ci NOT NULL COMMENT 'QnA 작성자 아이디',
  `qna_type` varchar(50) CHARACTER SET utf8mb4 COLLATE utf8mb4_general_ci NOT NULL COMMENT 'QnA 유형 G : 일반 QnA, T : 선생님 QnA',
  `qna_category` varchar(50) CHARACTER SET utf8mb4 COLLATE utf8mb4_general_ci DEFAULT NULL COMMENT 'QnA 카테고리 일반 QnA 유형 코드, 강의 코드',
  PRIMARY KEY (`qna_idx`),
  KEY `fk_qna_writer` (`qna_writer`),
  CONSTRAINT `fk_qna_writer` FOREIGN KEY (`qna_writer`) REFERENCES `TBL_MEMBER` (`user_id`)
) ENGINE=InnoDB AUTO_INCREMENT=63 DEFAULT CHARSET=utf8mb4 COLLATE=utf8mb4_general_ci;
/*!40101 SET character_set_client = @saved_cs_client */;

--
-- Dumping data for table `TBL_QNA`
--

LOCK TABLES `TBL_QNA` WRITE;
/*!40000 ALTER TABLE `TBL_QNA` DISABLE KEYS */;
INSERT INTO `TBL_QNA` VALUES (32,'세계사 주요 사건 QnA 1','이것은 QnA 내용입니다. 더미 QnA 더미 QnA 더미 QnA 더미 QnA 더미 QnA 더미 QnA 더미 QnA 더미 QnA ','2024-10-24 19:50:17','student016','T','SOC002'),(33,'일반 QnA 7','이것은 QnA 내용입니다. 더미 QnA 더미 QnA 더미 QnA 더미 QnA 더미 QnA 더미 QnA 더미 QnA 더미 QnA ','2024-10-24 19:50:17','student015','G',NULL),(34,'고등 수학 심화 QnA 1','이것은 QnA 내용입니다. 더미 QnA 더미 QnA 더미 QnA 더미 QnA 더미 QnA 더미 QnA 더미 QnA 더미 QnA ','2024-10-24 19:50:17','student015','T','MATH003'),(35,'사회문화 개념 정리 QnA 1','이것은 QnA 내용입니다. 더미 QnA 더미 QnA 더미 QnA 더미 QnA 더미 QnA 더미 QnA 더미 QnA 더미 QnA ','2024-10-24 19:50:17','student011','T','SOC003'),(36,'일반 QnA 2','이것은 QnA 내용입니다. 더미 QnA 더미 QnA 더미 QnA 더미 QnA 더미 QnA 더미 QnA 더미 QnA 더미 QnA ','2024-10-24 19:50:17','student017','G',NULL),(37,'한국사 핵심 정리 QnA 1','이것은 QnA 내용입니다. 더미 QnA 더미 QnA 더미 QnA 더미 QnA 더미 QnA 더미 QnA 더미 QnA 더미 QnA ','2024-10-24 19:50:17','student024','T','SOC001'),(38,'일반 QnA 3','이것은 QnA 내용입니다. 더미 QnA 더미 QnA 더미 QnA 더미 QnA 더미 QnA 더미 QnA 더미 QnA 더미 QnA ','2024-10-24 19:50:17','student007','G',NULL),(39,'일반 QnA 9','이것은 QnA 내용입니다. 더미 QnA 더미 QnA 더미 QnA 더미 QnA 더미 QnA 더미 QnA 더미 QnA 더미 QnA ','2024-10-24 19:50:17','student022','G',NULL),(40,'일반 QnA 5','이것은 QnA 내용입니다. 더미 QnA 더미 QnA 더미 QnA 더미 QnA 더미 QnA 더미 QnA 더미 QnA 더미 QnA ','2024-10-24 19:50:17','student006','G',NULL),(41,'영어 회화 마스터 QnA 1','이것은 QnA 내용입니다. 더미 QnA 더미 QnA 더미 QnA 더미 QnA 더미 QnA 더미 QnA 더미 QnA 더미 QnA ','2024-10-24 19:50:17','student007','T','ENG003'),(42,'중등 과학 종합 QnA 1','이것은 QnA 내용입니다. 더미 QnA 더미 QnA 더미 QnA 더미 QnA 더미 QnA 더미 QnA 더미 QnA 더미 QnA ','2024-10-24 19:50:17','student013','T','SCI001'),(43,'일반 QnA 8','이것은 QnA 내용입니다. 더미 QnA 더미 QnA 더미 QnA 더미 QnA 더미 QnA 더미 QnA 더미 QnA 더미 QnA ','2024-10-24 19:50:17','student005','G',NULL),(44,'고등 국어 기초 QnA 1','이것은 QnA 내용입니다. 더미 QnA 더미 QnA 더미 QnA 더미 QnA 더미 QnA 더미 QnA 더미 QnA 더미 QnA ','2024-10-24 19:50:17','student016','T','KOR001'),(45,'일반 QnA 11','이것은 QnA 내용입니다. 더미 QnA 더미 QnA 더미 QnA 더미 QnA 더미 QnA 더미 QnA 더미 QnA 더미 QnA ','2024-10-24 19:50:17','student020','G',NULL),(46,'일반 QnA 1','이것은 QnA 내용입니다. 더미 QnA 더미 QnA 더미 QnA 더미 QnA 더미 QnA 더미 QnA 더미 QnA 더미 QnA ','2024-10-24 19:50:17','student014','G',NULL),(47,'수능 수학 실전 QnA 1','이것은 QnA 내용입니다. 더미 QnA 더미 QnA 더미 QnA 더미 QnA 더미 QnA 더미 QnA 더미 QnA 더미 QnA ','2024-10-24 19:50:17','student021','T','MATH002'),(48,'일반 QnA 10','이것은 QnA 내용입니다. 더미 QnA 더미 QnA 더미 QnA 더미 QnA 더미 QnA 더미 QnA 더미 QnA 더미 QnA ','2024-10-24 19:50:17','student008','G',NULL),(49,'문학 작품 분석 QnA 1','이것은 QnA 내용입니다. 더미 QnA 더미 QnA 더미 QnA 더미 QnA 더미 QnA 더미 QnA 더미 QnA 더미 QnA ','2024-10-24 19:50:17','student012','T','KOR003'),(50,'일반 QnA 6','이것은 QnA 내용입니다. 더미 QnA 더미 QnA 더미 QnA 더미 QnA 더미 QnA 더미 QnA 더미 QnA 더미 QnA ','2024-10-24 19:50:17','student007','G',NULL),(51,'수능 국어 마스터 QnA 1','이것은 QnA 내용입니다. 더미 QnA 더미 QnA 더미 QnA 더미 QnA 더미 QnA 더미 QnA 더미 QnA 더미 QnA ','2024-10-24 19:50:17','student017','T','KOR002'),(52,'중등 영어 문법 QnA 1','이것은 QnA 내용입니다. 더미 QnA 더미 QnA 더미 QnA 더미 QnA 더미 QnA 더미 QnA 더미 QnA 더미 QnA ','2024-10-24 19:50:17','student004','T','ENG001'),(53,'일반 QnA 12','이것은 QnA 내용입니다. 더미 QnA 더미 QnA 더미 QnA 더미 QnA 더미 QnA 더미 QnA 더미 QnA 더미 QnA ','2024-10-24 19:50:17','student005','G',NULL),(54,'토익 고득점 비법 QnA 1','이것은 QnA 내용입니다. 더미 QnA 더미 QnA 더미 QnA 더미 QnA 더미 QnA 더미 QnA 더미 QnA 더미 QnA ','2024-10-24 19:50:17','student009','T','ENG002'),(55,'생명과학 집중 강의 QnA 1','이것은 QnA 내용입니다. 더미 QnA 더미 QnA 더미 QnA 더미 QnA 더미 QnA 더미 QnA 더미 QnA 더미 QnA ','2024-10-24 19:50:17','student002','T','SCI003'),(56,'일반 QnA 14','이것은 QnA 내용입니다. 더미 QnA 더미 QnA 더미 QnA 더미 QnA 더미 QnA 더미 QnA 더미 QnA 더미 QnA ','2024-10-24 19:50:17','student003','G',NULL),(57,'중학 수학 기초 QnA 1','이것은 QnA 내용입니다. 더미 QnA 더미 QnA 더미 QnA 더미 QnA 더미 QnA 더미 QnA 더미 QnA 더미 QnA ','2024-10-24 19:50:17','student009','T','MATH001'),(58,'일반 QnA 13','이것은 QnA 내용입니다. 더미 QnA 더미 QnA 더미 QnA 더미 QnA 더미 QnA 더미 QnA 더미 QnA 더미 QnA ','2024-10-24 19:50:17','student008','G',NULL),(59,'일반 QnA 15','이것은 QnA 내용입니다. 더미 QnA 더미 QnA 더미 QnA 더미 QnA 더미 QnA 더미 QnA 더미 QnA 더미 QnA ','2024-10-24 19:50:17','student008','G',NULL),(60,'일반 QnA 4','이것은 QnA 내용입니다. 더미 QnA 더미 QnA 더미 QnA 더미 QnA 더미 QnA 더미 QnA 더미 QnA 더미 QnA ','2024-10-24 19:50:17','student007','G',NULL),(61,'고등 물리 심화 QnA 1','이것은 QnA 내용입니다. 더미 QnA 더미 QnA 더미 QnA 더미 QnA 더미 QnA 더미 QnA 더미 QnA 더미 QnA ','2024-10-24 19:50:17','student023','T','SCI002');
/*!40000 ALTER TABLE `TBL_QNA` ENABLE KEYS */;
UNLOCK TABLES;

--
-- Table structure for table `TBL_QNA_COMMENT`
--

DROP TABLE IF EXISTS `TBL_QNA_COMMENT`;
/*!40101 SET @saved_cs_client     = @@character_set_client */;
/*!50503 SET character_set_client = utf8mb4 */;
CREATE TABLE `TBL_QNA_COMMENT` (
  `qna_comment_idx` int unsigned NOT NULL AUTO_INCREMENT COMMENT 'QnA 댓글 아이디',
  `qna_comment_content` text CHARACTER SET utf8mb4 COLLATE utf8mb4_general_ci NOT NULL COMMENT 'QnA 댓글 내용',
  `qna_comment_regdate` datetime NOT NULL DEFAULT CURRENT_TIMESTAMP COMMENT 'QnA 댓글 등록일',
  `qna_idx` int unsigned NOT NULL COMMENT 'QnA 아이디',
  `qna_comment_writer` varchar(50) CHARACTER SET utf8mb4 COLLATE utf8mb4_general_ci NOT NULL COMMENT 'QnA 댓글 작성자 아이디',
  PRIMARY KEY (`qna_comment_idx`),
  KEY `fk_qna_comment_qna` (`qna_idx`),
  KEY `fk_qna_comment_writer` (`qna_comment_writer`),
  CONSTRAINT `fk_qna_comment_qna` FOREIGN KEY (`qna_idx`) REFERENCES `TBL_QNA` (`qna_idx`),
  CONSTRAINT `fk_qna_comment_writer` FOREIGN KEY (`qna_comment_writer`) REFERENCES `TBL_MEMBER` (`user_id`)
) ENGINE=InnoDB AUTO_INCREMENT=95 DEFAULT CHARSET=utf8mb4 COLLATE=utf8mb4_general_ci;
/*!40101 SET character_set_client = @saved_cs_client */;

--
-- Dumping data for table `TBL_QNA_COMMENT`
--

LOCK TABLES `TBL_QNA_COMMENT` WRITE;
/*!40000 ALTER TABLE `TBL_QNA_COMMENT` DISABLE KEYS */;
INSERT INTO `TBL_QNA_COMMENT` VALUES (32,'이것은 QnA 댓글 내용입니다. 더미 QnA 댓글 더미 QnA 댓글 더미 QnA 댓글 더미 QnA 댓글 ','2024-10-24 19:50:17',45,'teacher_eng2'),(33,'이것은 QnA 댓글 내용입니다. 더미 QnA 댓글 더미 QnA 댓글 더미 QnA 댓글 더미 QnA 댓글 ','2024-10-24 19:50:17',43,'teacher_sci2'),(34,'이것은 QnA 댓글 내용입니다. 더미 QnA 댓글 더미 QnA 댓글 더미 QnA 댓글 더미 QnA 댓글 ','2024-10-24 19:50:17',49,'teacher_math1'),(35,'이것은 QnA 댓글 내용입니다. 더미 QnA 댓글 더미 QnA 댓글 더미 QnA 댓글 더미 QnA 댓글 ','2024-10-24 19:50:17',38,'teacher_kor1'),(36,'이것은 QnA 댓글 내용입니다. 더미 QnA 댓글 더미 QnA 댓글 더미 QnA 댓글 더미 QnA 댓글 ','2024-10-24 19:50:17',48,'student021'),(37,'이것은 QnA 댓글 내용입니다. 더미 QnA 댓글 더미 QnA 댓글 더미 QnA 댓글 더미 QnA 댓글 ','2024-10-24 19:50:17',33,'teacher_soc2'),(38,'이것은 QnA 댓글 내용입니다. 더미 QnA 댓글 더미 QnA 댓글 더미 QnA 댓글 더미 QnA 댓글 ','2024-10-24 19:50:17',32,'teacher_sci1'),(39,'이것은 QnA 댓글 내용입니다. 더미 QnA 댓글 더미 QnA 댓글 더미 QnA 댓글 더미 QnA 댓글 ','2024-10-24 19:50:17',48,'student013'),(40,'이것은 QnA 댓글 내용입니다. 더미 QnA 댓글 더미 QnA 댓글 더미 QnA 댓글 더미 QnA 댓글 ','2024-10-24 19:50:17',41,'teacher_kor2'),(41,'이것은 QnA 댓글 내용입니다. 더미 QnA 댓글 더미 QnA 댓글 더미 QnA 댓글 더미 QnA 댓글 ','2024-10-24 19:50:17',40,'teacher_eng1'),(42,'이것은 QnA 댓글 내용입니다. 더미 QnA 댓글 더미 QnA 댓글 더미 QnA 댓글 더미 QnA 댓글 ','2024-10-24 19:50:17',54,'teacher_math1'),(43,'이것은 QnA 댓글 내용입니다. 더미 QnA 댓글 더미 QnA 댓글 더미 QnA 댓글 더미 QnA 댓글 ','2024-10-24 19:50:17',43,'student001'),(44,'이것은 QnA 댓글 내용입니다. 더미 QnA 댓글 더미 QnA 댓글 더미 QnA 댓글 더미 QnA 댓글 ','2024-10-24 19:50:17',39,'teacher_kor2'),(45,'이것은 QnA 댓글 내용입니다. 더미 QnA 댓글 더미 QnA 댓글 더미 QnA 댓글 더미 QnA 댓글 ','2024-10-24 19:50:17',36,'teacher_sci2'),(46,'이것은 QnA 댓글 내용입니다. 더미 QnA 댓글 더미 QnA 댓글 더미 QnA 댓글 더미 QnA 댓글 ','2024-10-24 19:50:17',32,'teacher_sci2'),(47,'이것은 QnA 댓글 내용입니다. 더미 QnA 댓글 더미 QnA 댓글 더미 QnA 댓글 더미 QnA 댓글 ','2024-10-24 19:50:17',35,'teacher_math2'),(48,'이것은 QnA 댓글 내용입니다. 더미 QnA 댓글 더미 QnA 댓글 더미 QnA 댓글 더미 QnA 댓글 ','2024-10-24 19:50:17',36,'student005'),(49,'이것은 QnA 댓글 내용입니다. 더미 QnA 댓글 더미 QnA 댓글 더미 QnA 댓글 더미 QnA 댓글 ','2024-10-24 19:50:17',46,'student012'),(50,'이것은 QnA 댓글 내용입니다. 더미 QnA 댓글 더미 QnA 댓글 더미 QnA 댓글 더미 QnA 댓글 ','2024-10-24 19:50:17',46,'student005'),(51,'이것은 QnA 댓글 내용입니다. 더미 QnA 댓글 더미 QnA 댓글 더미 QnA 댓글 더미 QnA 댓글 ','2024-10-24 19:50:17',51,'teacher_eng1'),(52,'이것은 QnA 댓글 내용입니다. 더미 QnA 댓글 더미 QnA 댓글 더미 QnA 댓글 더미 QnA 댓글 ','2024-10-24 19:50:17',54,'teacher_kor1'),(53,'이것은 QnA 댓글 내용입니다. 더미 QnA 댓글 더미 QnA 댓글 더미 QnA 댓글 더미 QnA 댓글 ','2024-10-24 19:50:17',61,'teacher_kor2'),(54,'이것은 QnA 댓글 내용입니다. 더미 QnA 댓글 더미 QnA 댓글 더미 QnA 댓글 더미 QnA 댓글 ','2024-10-24 19:50:17',40,'student010'),(55,'이것은 QnA 댓글 내용입니다. 더미 QnA 댓글 더미 QnA 댓글 더미 QnA 댓글 더미 QnA 댓글 ','2024-10-24 19:50:17',60,'teacher_math1'),(56,'이것은 QnA 댓글 내용입니다. 더미 QnA 댓글 더미 QnA 댓글 더미 QnA 댓글 더미 QnA 댓글 ','2024-10-24 19:50:17',57,'teacher_sci1'),(57,'이것은 QnA 댓글 내용입니다. 더미 QnA 댓글 더미 QnA 댓글 더미 QnA 댓글 더미 QnA 댓글 ','2024-10-24 19:50:17',35,'teacher_eng1'),(58,'이것은 QnA 댓글 내용입니다. 더미 QnA 댓글 더미 QnA 댓글 더미 QnA 댓글 더미 QnA 댓글 ','2024-10-24 19:50:17',37,'teacher_soc2'),(59,'이것은 QnA 댓글 내용입니다. 더미 QnA 댓글 더미 QnA 댓글 더미 QnA 댓글 더미 QnA 댓글 ','2024-10-24 19:50:17',39,'teacher_eng2'),(60,'이것은 QnA 댓글 내용입니다. 더미 QnA 댓글 더미 QnA 댓글 더미 QnA 댓글 더미 QnA 댓글 ','2024-10-24 19:50:17',33,'student021'),(61,'이것은 QnA 댓글 내용입니다. 더미 QnA 댓글 더미 QnA 댓글 더미 QnA 댓글 더미 QnA 댓글 ','2024-10-24 19:50:17',59,'student018'),(62,'이것은 QnA 댓글 내용입니다. 더미 QnA 댓글 더미 QnA 댓글 더미 QnA 댓글 더미 QnA 댓글 ','2024-10-24 19:50:17',47,'teacher_sci1'),(63,'이것은 QnA 댓글 내용입니다. 더미 QnA 댓글 더미 QnA 댓글 더미 QnA 댓글 더미 QnA 댓글 ','2024-10-24 19:50:17',34,'teacher_sci2'),(64,'이것은 QnA 댓글 내용입니다. 더미 QnA 댓글 더미 QnA 댓글 더미 QnA 댓글 더미 QnA 댓글 ','2024-10-24 19:50:17',34,'teacher_kor2'),(65,'이것은 QnA 댓글 내용입니다. 더미 QnA 댓글 더미 QnA 댓글 더미 QnA 댓글 더미 QnA 댓글 ','2024-10-24 19:50:17',42,'teacher_eng2'),(66,'이것은 QnA 댓글 내용입니다. 더미 QnA 댓글 더미 QnA 댓글 더미 QnA 댓글 더미 QnA 댓글 ','2024-10-24 19:50:17',52,'teacher_sci1'),(67,'이것은 QnA 댓글 내용입니다. 더미 QnA 댓글 더미 QnA 댓글 더미 QnA 댓글 더미 QnA 댓글 ','2024-10-24 19:50:17',50,'teacher_eng1'),(68,'이것은 QnA 댓글 내용입니다. 더미 QnA 댓글 더미 QnA 댓글 더미 QnA 댓글 더미 QnA 댓글 ','2024-10-24 19:50:17',44,'teacher_soc1'),(69,'이것은 QnA 댓글 내용입니다. 더미 QnA 댓글 더미 QnA 댓글 더미 QnA 댓글 더미 QnA 댓글 ','2024-10-24 19:50:17',58,'student023'),(70,'이것은 QnA 댓글 내용입니다. 더미 QnA 댓글 더미 QnA 댓글 더미 QnA 댓글 더미 QnA 댓글 ','2024-10-24 19:50:17',41,'teacher_sci1'),(71,'이것은 QnA 댓글 내용입니다. 더미 QnA 댓글 더미 QnA 댓글 더미 QnA 댓글 더미 QnA 댓글 ','2024-10-24 19:50:17',38,'student019'),(72,'이것은 QnA 댓글 내용입니다. 더미 QnA 댓글 더미 QnA 댓글 더미 QnA 댓글 더미 QnA 댓글 ','2024-10-24 19:50:17',53,'student025'),(73,'이것은 QnA 댓글 내용입니다. 더미 QnA 댓글 더미 QnA 댓글 더미 QnA 댓글 더미 QnA 댓글 ','2024-10-24 19:50:17',60,'student002'),(74,'이것은 QnA 댓글 내용입니다. 더미 QnA 댓글 더미 QnA 댓글 더미 QnA 댓글 더미 QnA 댓글 ','2024-10-24 19:50:17',59,'student012'),(75,'이것은 QnA 댓글 내용입니다. 더미 QnA 댓글 더미 QnA 댓글 더미 QnA 댓글 더미 QnA 댓글 ','2024-10-24 19:50:17',56,'teacher_soc1'),(76,'이것은 QnA 댓글 내용입니다. 더미 QnA 댓글 더미 QnA 댓글 더미 QnA 댓글 더미 QnA 댓글 ','2024-10-24 19:50:17',55,'teacher_eng2'),(77,'이것은 QnA 댓글 내용입니다. 더미 QnA 댓글 더미 QnA 댓글 더미 QnA 댓글 더미 QnA 댓글 ','2024-10-24 19:50:17',44,'teacher_soc2'),(78,'이것은 QnA 댓글 내용입니다. 더미 QnA 댓글 더미 QnA 댓글 더미 QnA 댓글 더미 QnA 댓글 ','2024-10-24 19:50:17',58,'student022'),(79,'이것은 QnA 댓글 내용입니다. 더미 QnA 댓글 더미 QnA 댓글 더미 QnA 댓글 더미 QnA 댓글 ','2024-10-24 19:50:17',45,'student002'),(80,'이것은 QnA 댓글 내용입니다. 더미 QnA 댓글 더미 QnA 댓글 더미 QnA 댓글 더미 QnA 댓글 ','2024-10-24 19:50:17',57,'teacher_math1'),(81,'이것은 QnA 댓글 내용입니다. 더미 QnA 댓글 더미 QnA 댓글 더미 QnA 댓글 더미 QnA 댓글 ','2024-10-24 19:50:17',52,'teacher_eng1'),(82,'이것은 QnA 댓글 내용입니다. 더미 QnA 댓글 더미 QnA 댓글 더미 QnA 댓글 더미 QnA 댓글 ','2024-10-24 19:50:17',56,'student018'),(83,'이것은 QnA 댓글 내용입니다. 더미 QnA 댓글 더미 QnA 댓글 더미 QnA 댓글 더미 QnA 댓글 ','2024-10-24 19:50:17',53,'student019'),(84,'이것은 QnA 댓글 내용입니다. 더미 QnA 댓글 더미 QnA 댓글 더미 QnA 댓글 더미 QnA 댓글 ','2024-10-24 19:50:17',49,'teacher_eng1'),(85,'이것은 QnA 댓글 내용입니다. 더미 QnA 댓글 더미 QnA 댓글 더미 QnA 댓글 더미 QnA 댓글 ','2024-10-24 19:50:17',37,'teacher_kor2'),(86,'이것은 QnA 댓글 내용입니다. 더미 QnA 댓글 더미 QnA 댓글 더미 QnA 댓글 더미 QnA 댓글 ','2024-10-24 19:50:17',55,'teacher_math2'),(87,'이것은 QnA 댓글 내용입니다. 더미 QnA 댓글 더미 QnA 댓글 더미 QnA 댓글 더미 QnA 댓글 ','2024-10-24 19:50:17',47,'teacher_math2'),(88,'이것은 QnA 댓글 내용입니다. 더미 QnA 댓글 더미 QnA 댓글 더미 QnA 댓글 더미 QnA 댓글 ','2024-10-24 19:50:17',51,'teacher_eng2'),(89,'이것은 QnA 댓글 내용입니다. 더미 QnA 댓글 더미 QnA 댓글 더미 QnA 댓글 더미 QnA 댓글 ','2024-10-24 19:50:17',42,'teacher_soc2'),(90,'이것은 QnA 댓글 내용입니다. 더미 QnA 댓글 더미 QnA 댓글 더미 QnA 댓글 더미 QnA 댓글 ','2024-10-24 19:50:17',61,'teacher_sci1'),(91,'이것은 QnA 댓글 내용입니다. 더미 QnA 댓글 더미 QnA 댓글 더미 QnA 댓글 더미 QnA 댓글 ','2024-10-24 19:50:17',50,'student009');
/*!40000 ALTER TABLE `TBL_QNA_COMMENT` ENABLE KEYS */;
UNLOCK TABLES;

--
-- Table structure for table `TBL_REPORT_CARD`
--

DROP TABLE IF EXISTS `TBL_REPORT_CARD`;
/*!40101 SET @saved_cs_client     = @@character_set_client */;
/*!50503 SET character_set_client = utf8mb4 */;
CREATE TABLE `TBL_REPORT_CARD` (
  `report_card_idx` int unsigned NOT NULL AUTO_INCREMENT COMMENT '성적표 아이디',
  `lecture_code` varchar(50) CHARACTER SET utf8mb4 COLLATE utf8mb4_general_ci NOT NULL COMMENT '성적표 대상 강의 코드',
  `report_card_name` varchar(100) CHARACTER SET utf8mb4 COLLATE utf8mb4_general_ci NOT NULL COMMENT '성적표 이름',
  `report_card_regdate` datetime NOT NULL DEFAULT CURRENT_TIMESTAMP COMMENT '성적표 등록일',
  `user_id` varchar(50) CHARACTER SET utf8mb4 COLLATE utf8mb4_general_ci NOT NULL COMMENT '성적표 작성자 아이디',
  PRIMARY KEY (`report_card_idx`),
  KEY `fk_report_card_lecture` (`lecture_code`),
  KEY `fk_report_card_user` (`user_id`),
  CONSTRAINT `fk_report_card_lecture` FOREIGN KEY (`lecture_code`) REFERENCES `TBL_LECTURE` (`lecture_code`),
  CONSTRAINT `fk_report_card_user` FOREIGN KEY (`user_id`) REFERENCES `TBL_MEMBER` (`user_id`)
) ENGINE=InnoDB AUTO_INCREMENT=159 DEFAULT CHARSET=utf8mb4 COLLATE=utf8mb4_general_ci;
/*!40101 SET character_set_client = @saved_cs_client */;

--
-- Dumping data for table `TBL_REPORT_CARD`
--

LOCK TABLES `TBL_REPORT_CARD` WRITE;
/*!40000 ALTER TABLE `TBL_REPORT_CARD` DISABLE KEYS */;
INSERT INTO `TBL_REPORT_CARD` VALUES (32,'SOC002','세계사 주요 사건 - 2024년 05월 성적표','2024-10-24 19:50:18','student025'),(33,'ENG003','영어 회화 마스터 - 2024년 05월 성적표','2024-10-24 19:50:18','student018'),(34,'MATH002','수능 수학 실전 - 2024년 06월 성적표','2024-10-24 19:50:18','student009'),(35,'MATH002','수능 수학 실전 - 2024년 06월 성적표','2024-10-24 19:50:18','student014'),(36,'KOR003','문학 작품 분석 - 2024년 06월 성적표','2024-10-24 19:50:18','student022'),(37,'KOR001','고등 국어 기초 - 2024년 10월 성적표','2024-10-24 19:50:18','student004'),(38,'ENG003','영어 회화 마스터 - 2024년 06월 성적표','2024-10-24 19:50:18','student006'),(39,'ENG003','영어 회화 마스터 - 2024년 07월 성적표','2024-10-24 19:50:18','student002'),(40,'KOR002','수능 국어 마스터 - 2024년 05월 성적표','2024-10-24 19:50:18','student013'),(41,'SOC002','세계사 주요 사건 - 2024년 08월 성적표','2024-10-24 19:50:18','student001'),(42,'SOC002','세계사 주요 사건 - 2024년 05월 성적표','2024-10-24 19:50:18','student014'),(43,'ENG002','토익 고득점 비법 - 2024년 08월 성적표','2024-10-24 19:50:18','student006'),(44,'MATH002','수능 수학 실전 - 2024년 08월 성적표','2024-10-24 19:50:18','student016'),(45,'MATH002','수능 수학 실전 - 2024년 07월 성적표','2024-10-24 19:50:18','student025'),(46,'KOR002','수능 국어 마스터 - 2024년 08월 성적표','2024-10-24 19:50:18','student014'),(47,'SCI002','고등 물리 심화 - 2024년 06월 성적표','2024-10-24 19:50:18','student024'),(48,'ENG001','중등 영어 문법 - 2024년 07월 성적표','2024-10-24 19:50:18','student019'),(49,'MATH003','고등 수학 심화 - 2024년 05월 성적표','2024-10-24 19:50:18','student018'),(50,'ENG002','토익 고득점 비법 - 2024년 09월 성적표','2024-10-24 19:50:18','student018'),(51,'ENG001','중등 영어 문법 - 2024년 06월 성적표','2024-10-24 19:50:18','student009'),(52,'KOR002','수능 국어 마스터 - 2024년 09월 성적표','2024-10-24 19:50:18','student002'),(53,'KOR002','수능 국어 마스터 - 2024년 09월 성적표','2024-10-24 19:50:18','student007'),(54,'KOR002','수능 국어 마스터 - 2024년 10월 성적표','2024-10-24 19:50:18','student004'),(55,'SOC001','한국사 핵심 정리 - 2024년 07월 성적표','2024-10-24 19:50:18','student014'),(56,'SOC002','세계사 주요 사건 - 2024년 05월 성적표','2024-10-24 19:50:18','student017'),(57,'SCI002','고등 물리 심화 - 2024년 07월 성적표','2024-10-24 19:50:18','student005'),(58,'ENG001','중등 영어 문법 - 2024년 08월 성적표','2024-10-24 19:50:18','student015'),(59,'SCI001','중등 과학 종합 - 2024년 07월 성적표','2024-10-24 19:50:18','student007'),(60,'MATH001','중학 수학 기초 - 2024년 06월 성적표','2024-10-24 19:50:18','student024'),(61,'MATH003','고등 수학 심화 - 2024년 07월 성적표','2024-10-24 19:50:18','student004'),(62,'KOR002','수능 국어 마스터 - 2024년 09월 성적표','2024-10-24 19:50:18','student012'),(63,'MATH001','중학 수학 기초 - 2024년 07월 성적표','2024-10-24 19:50:18','student003'),(64,'KOR002','수능 국어 마스터 - 2024년 05월 성적표','2024-10-24 19:50:18','student009'),(65,'KOR003','문학 작품 분석 - 2024년 08월 성적표','2024-10-24 19:50:18','student008'),(66,'SCI003','생명과학 집중 강의 - 2024년 05월 성적표','2024-10-24 19:50:18','student020'),(67,'ENG001','중등 영어 문법 - 2024년 07월 성적표','2024-10-24 19:50:18','student003'),(68,'ENG003','영어 회화 마스터 - 2024년 06월 성적표','2024-10-24 19:50:18','student011'),(69,'ENG003','영어 회화 마스터 - 2024년 06월 성적표','2024-10-24 19:50:18','student010'),(70,'KOR003','문학 작품 분석 - 2024년 10월 성적표','2024-10-24 19:50:18','student007'),(71,'SOC001','한국사 핵심 정리 - 2024년 09월 성적표','2024-10-24 19:50:18','student021'),(72,'MATH003','고등 수학 심화 - 2024년 07월 성적표','2024-10-24 19:50:18','student013'),(73,'SOC001','한국사 핵심 정리 - 2024년 07월 성적표','2024-10-24 19:50:18','student009'),(74,'SCI002','고등 물리 심화 - 2024년 07월 성적표','2024-10-24 19:50:18','student003'),(75,'ENG001','중등 영어 문법 - 2024년 07월 성적표','2024-10-24 19:50:18','student004'),(76,'MATH001','중학 수학 기초 - 2024년 09월 성적표','2024-10-24 19:50:18','student020'),(77,'SCI002','고등 물리 심화 - 2024년 10월 성적표','2024-10-24 19:50:18','student014'),(78,'MATH002','수능 수학 실전 - 2024년 08월 성적표','2024-10-24 19:50:18','student021'),(79,'MATH002','수능 수학 실전 - 2024년 10월 성적표','2024-10-24 19:50:18','student019'),(80,'ENG002','토익 고득점 비법 - 2024년 05월 성적표','2024-10-24 19:50:18','student024'),(81,'SCI002','고등 물리 심화 - 2024년 09월 성적표','2024-10-24 19:50:18','student016'),(82,'MATH002','수능 수학 실전 - 2024년 07월 성적표','2024-10-24 19:50:18','student013'),(83,'MATH002','수능 수학 실전 - 2024년 08월 성적표','2024-10-24 19:50:18','student003'),(84,'MATH002','수능 수학 실전 - 2024년 10월 성적표','2024-10-24 19:50:18','student010'),(85,'KOR003','문학 작품 분석 - 2024년 09월 성적표','2024-10-24 19:50:18','student025'),(86,'KOR001','고등 국어 기초 - 2024년 06월 성적표','2024-10-24 19:50:18','student021'),(87,'KOR003','문학 작품 분석 - 2024년 06월 성적표','2024-10-24 19:50:18','student015'),(88,'SOC001','한국사 핵심 정리 - 2024년 05월 성적표','2024-10-24 19:50:18','student024'),(89,'SOC001','한국사 핵심 정리 - 2024년 07월 성적표','2024-10-24 19:50:18','student023'),(90,'KOR001','고등 국어 기초 - 2024년 04월 성적표','2024-10-24 19:50:18','student023'),(91,'ENG002','토익 고득점 비법 - 2024년 07월 성적표','2024-10-24 19:50:18','student002'),(92,'MATH003','고등 수학 심화 - 2024년 08월 성적표','2024-10-24 19:50:18','student006'),(93,'ENG001','중등 영어 문법 - 2024년 07월 성적표','2024-10-24 19:50:18','student020'),(94,'SCI003','생명과학 집중 강의 - 2024년 07월 성적표','2024-10-24 19:50:18','student019'),(95,'SOC001','한국사 핵심 정리 - 2024년 10월 성적표','2024-10-24 19:50:18','student012'),(96,'MATH001','중학 수학 기초 - 2024년 06월 성적표','2024-10-24 19:50:18','student001'),(97,'ENG001','중등 영어 문법 - 2024년 09월 성적표','2024-10-24 19:50:18','student001'),(98,'ENG001','중등 영어 문법 - 2024년 08월 성적표','2024-10-24 19:50:18','student002'),(99,'MATH003','고등 수학 심화 - 2024년 07월 성적표','2024-10-24 19:50:18','student017'),(100,'KOR001','고등 국어 기초 - 2024년 05월 성적표','2024-10-24 19:50:18','student009'),(101,'KOR001','고등 국어 기초 - 2024년 06월 성적표','2024-10-24 19:50:18','student006'),(102,'MATH001','중학 수학 기초 - 2024년 08월 성적표','2024-10-24 19:50:18','student019'),(103,'ENG002','토익 고득점 비법 - 2024년 07월 성적표','2024-10-24 19:50:18','student009'),(104,'ENG001','중등 영어 문법 - 2024년 09월 성적표','2024-10-24 19:50:18','student006'),(105,'KOR003','문학 작품 분석 - 2024년 10월 성적표','2024-10-24 19:50:18','student003'),(106,'SOC002','세계사 주요 사건 - 2024년 09월 성적표','2024-10-24 19:50:18','student006'),(107,'SOC001','한국사 핵심 정리 - 2024년 08월 성적표','2024-10-24 19:50:18','student007'),(108,'SCI002','고등 물리 심화 - 2024년 08월 성적표','2024-10-24 19:50:18','student012'),(109,'SOC003','사회문화 개념 정리 - 2024년 10월 성적표','2024-10-24 19:50:18','student014'),(110,'ENG001','중등 영어 문법 - 2024년 07월 성적표','2024-10-24 19:50:18','student013'),(111,'SOC003','사회문화 개념 정리 - 2024년 05월 성적표','2024-10-24 19:50:18','student024');
/*!40000 ALTER TABLE `TBL_REPORT_CARD` ENABLE KEYS */;
UNLOCK TABLES;

--
-- Table structure for table `TBL_REVIEW`
--

DROP TABLE IF EXISTS `TBL_REVIEW`;
/*!40101 SET @saved_cs_client     = @@character_set_client */;
/*!50503 SET character_set_client = utf8mb4 */;
CREATE TABLE `TBL_REVIEW` (
  `review_idx` int unsigned NOT NULL AUTO_INCREMENT,
  `lecture_code` varchar(50) CHARACTER SET utf8mb4 COLLATE utf8mb4_general_ci NOT NULL COMMENT '리뷰 대상 강의 코드',
  `user_id` varchar(50) CHARACTER SET utf8mb4 COLLATE utf8mb4_general_ci NOT NULL COMMENT '리뷰 작성자 아이디',
  `review_content` text CHARACTER SET utf8mb4 COLLATE utf8mb4_general_ci NOT NULL COMMENT '리뷰 내용',
  `review_rating` int unsigned NOT NULL COMMENT '리뷰 평점',
  `review_date` datetime NOT NULL DEFAULT CURRENT_TIMESTAMP COMMENT '리뷰 작성일',
  PRIMARY KEY (`review_idx`),
  KEY `fk_review_lecture` (`lecture_code`),
  KEY `fk_review_user` (`user_id`),
  CONSTRAINT `fk_review_lecture` FOREIGN KEY (`lecture_code`) REFERENCES `TBL_LECTURE` (`lecture_code`),
  CONSTRAINT `fk_review_user` FOREIGN KEY (`user_id`) REFERENCES `TBL_MEMBER` (`user_id`),
  CONSTRAINT `chk_review_rating` CHECK ((`review_rating` between 1 and 5))
) ENGINE=InnoDB AUTO_INCREMENT=148 DEFAULT CHARSET=utf8mb4 COLLATE=utf8mb4_general_ci;
/*!40101 SET character_set_client = @saved_cs_client */;

--
-- Dumping data for table `TBL_REVIEW`
--

LOCK TABLES `TBL_REVIEW` WRITE;
/*!40000 ALTER TABLE `TBL_REVIEW` DISABLE KEYS */;
INSERT INTO `TBL_REVIEW` VALUES (21,'ENG003','student014','이 강의는 도움이 되었습니다. 추천합니다! 추천합니다! 추천합니다! ',3,'2024-10-24 19:50:17'),(22,'SCI001','student005','이 강의는 괜찮았습니다. 추천합니다! 추천합니다! 추천합니다! ',5,'2024-10-24 19:50:17'),(23,'SCI003','student003','이 강의는 매우 유익했습니다. 추천합니다! 추천합니다! 추천합니다! ',5,'2024-10-24 19:50:17'),(24,'ENG001','student006','이 강의는 매우 유익했습니다. 추천합니다! 추천합니다! 추천합니다! ',2,'2024-10-24 19:50:17'),(25,'SOC001','student023','이 강의는 괜찮았습니다. 추천합니다! 추천합니다! 추천합니다! ',4,'2024-10-24 19:50:17'),(26,'MATH001','student001','이 강의는 훌륭했습니다. 추천합니다! 추천합니다! 추천합니다! ',3,'2024-10-24 19:50:17'),(27,'MATH001','student004','이 강의는 괜찮았습니다. 추천합니다! 추천합니다! 추천합니다! ',1,'2024-10-24 19:50:17'),(28,'KOR003','student010','이 강의는 도움이 되었습니다. 추천합니다! 추천합니다! 추천합니다! ',5,'2024-10-24 19:50:17'),(29,'ENG002','student023','이 강의는 훌륭했습니다. 추천합니다! 추천합니다! 추천합니다! ',5,'2024-10-24 19:50:17'),(30,'ENG003','student012','이 강의는 훌륭했습니다. 추천합니다! 추천합니다! 추천합니다! ',3,'2024-10-24 19:50:17'),(31,'SOC002','student018','이 강의는 도움이 되었습니다. 추천합니다! 추천합니다! 추천합니다! ',3,'2024-10-24 19:50:17'),(32,'SCI001','student020','이 강의는 매우 유익했습니다. 추천합니다! 추천합니다! 추천합니다! ',5,'2024-10-24 19:50:17'),(33,'ENG001','student020','이 강의는 훌륭했습니다. 추천합니다! 추천합니다! 추천합니다! ',5,'2024-10-24 19:50:17'),(34,'MATH002','student023','이 강의는 훌륭했습니다. 추천합니다! 추천합니다! 추천합니다! ',5,'2024-10-24 19:50:17'),(35,'ENG003','student011','이 강의는 좋았습니다. 추천합니다! 추천합니다! 추천합니다! ',4,'2024-10-24 19:50:17'),(36,'ENG001','student010','이 강의는 매우 유익했습니다. 추천합니다! 추천합니다! 추천합니다! ',3,'2024-10-24 19:50:17'),(37,'KOR002','student019','이 강의는 훌륭했습니다. 추천합니다! 추천합니다! 추천합니다! ',4,'2024-10-24 19:50:17'),(38,'ENG002','student018','이 강의는 도움이 되었습니다. 추천합니다! 추천합니다! 추천합니다! ',2,'2024-10-24 19:50:17'),(39,'SCI001','student017','이 강의는 좋았습니다. 추천합니다! 추천합니다! 추천합니다! ',5,'2024-10-24 19:50:17'),(40,'SCI003','student022','이 강의는 괜찮았습니다. 추천합니다! 추천합니다! 추천합니다! ',5,'2024-10-24 19:50:17'),(41,'KOR003','student003','이 강의는 훌륭했습니다. 추천합니다! 추천합니다! 추천합니다! ',5,'2024-10-24 19:50:17'),(42,'SOC001','student024','이 강의는 괜찮았습니다. 추천합니다! 추천합니다! 추천합니다! ',5,'2024-10-24 19:50:17'),(43,'SOC003','student024','이 강의는 좋았습니다. 추천합니다! 추천합니다! 추천합니다! ',1,'2024-10-24 19:50:17'),(44,'MATH002','student004','이 강의는 좋았습니다. 추천합니다! 추천합니다! 추천합니다! ',2,'2024-10-24 19:50:17'),(45,'SOC002','student005','이 강의는 도움이 되었습니다. 추천합니다! 추천합니다! 추천합니다! ',1,'2024-10-24 19:50:17'),(46,'SCI003','student011','이 강의는 좋았습니다. 추천합니다! 추천합니다! 추천합니다! ',4,'2024-10-24 19:50:17'),(47,'SCI002','student022','이 강의는 매우 유익했습니다. 추천합니다! 추천합니다! 추천합니다! ',3,'2024-10-24 19:50:17'),(48,'KOR002','student017','이 강의는 도움이 되었습니다. 추천합니다! 추천합니다! 추천합니다! ',1,'2024-10-24 19:50:17'),(49,'MATH003','student010','이 강의는 매우 유익했습니다. 추천합니다! 추천합니다! 추천합니다! ',4,'2024-10-24 19:50:17'),(50,'SCI003','student010','이 강의는 좋았습니다. 추천합니다! 추천합니다! 추천합니다! ',2,'2024-10-24 19:50:17'),(51,'MATH001','student019','이 강의는 훌륭했습니다. 추천합니다! 추천합니다! 추천합니다! ',1,'2024-10-24 19:50:17'),(52,'MATH002','student022','이 강의는 좋았습니다. 추천합니다! 추천합니다! 추천합니다! ',1,'2024-10-24 19:50:17'),(53,'SCI001','student004','이 강의는 도움이 되었습니다. 추천합니다! 추천합니다! 추천합니다! ',1,'2024-10-24 19:50:17'),(54,'MATH002','student016','이 강의는 도움이 되었습니다. 추천합니다! 추천합니다! 추천합니다! ',4,'2024-10-24 19:50:17'),(55,'MATH002','student013','이 강의는 좋았습니다. 추천합니다! 추천합니다! 추천합니다! ',4,'2024-10-24 19:50:17'),(56,'MATH002','student002','이 강의는 매우 유익했습니다. 추천합니다! 추천합니다! 추천합니다! ',5,'2024-10-24 19:50:17'),(57,'MATH002','student020','이 강의는 매우 유익했습니다. 추천합니다! 추천합니다! 추천합니다! ',3,'2024-10-24 19:50:17'),(58,'ENG002','student017','이 강의는 괜찮았습니다. 추천합니다! 추천합니다! 추천합니다! ',3,'2024-10-24 19:50:17'),(59,'SCI002','student011','이 강의는 매우 유익했습니다. 추천합니다! 추천합니다! 추천합니다! ',4,'2024-10-24 19:50:17'),(60,'SOC003','student023','이 강의는 도움이 되었습니다. 추천합니다! 추천합니다! 추천합니다! ',2,'2024-10-24 19:50:17'),(61,'ENG003','student019','이 강의는 훌륭했습니다. 추천합니다! 추천합니다! 추천합니다! ',5,'2024-10-24 19:50:17'),(62,'SCI001','student025','이 강의는 좋았습니다. 추천합니다! 추천합니다! 추천합니다! ',2,'2024-10-24 19:50:17'),(63,'SCI002','student012','이 강의는 도움이 되었습니다. 추천합니다! 추천합니다! 추천합니다! ',2,'2024-10-24 19:50:17'),(64,'MATH003','student017','이 강의는 좋았습니다. 추천합니다! 추천합니다! 추천합니다! ',3,'2024-10-24 19:50:17'),(65,'SOC001','student007','이 강의는 좋았습니다. 추천합니다! 추천합니다! 추천합니다! ',3,'2024-10-24 19:50:17'),(66,'MATH003','student006','이 강의는 도움이 되었습니다. 추천합니다! 추천합니다! 추천합니다! ',5,'2024-10-24 19:50:17'),(67,'KOR002','student007','이 강의는 괜찮았습니다. 추천합니다! 추천합니다! 추천합니다! ',3,'2024-10-24 19:50:17'),(68,'SOC003','student010','이 강의는 훌륭했습니다. 추천합니다! 추천합니다! 추천합니다! ',2,'2024-10-24 19:50:17'),(69,'ENG001','student013','이 강의는 좋았습니다. 추천합니다! 추천합니다! 추천합니다! ',2,'2024-10-24 19:50:17'),(70,'SOC002','student011','이 강의는 괜찮았습니다. 추천합니다! 추천합니다! 추천합니다! ',4,'2024-10-24 19:50:17'),(71,'SCI001','student022','이 강의는 좋았습니다. 추천합니다! 추천합니다! 추천합니다! ',2,'2024-10-24 19:50:17'),(72,'MATH002','student010','이 강의는 좋았습니다. 추천합니다! 추천합니다! 추천합니다! ',1,'2024-10-24 19:50:17'),(73,'ENG001','student019','이 강의는 도움이 되었습니다. 추천합니다! 추천합니다! 추천합니다! ',5,'2024-10-24 19:50:17'),(74,'ENG003','student016','이 강의는 훌륭했습니다. 추천합니다! 추천합니다! 추천합니다! ',3,'2024-10-24 19:50:17'),(75,'SOC001','student022','이 강의는 훌륭했습니다. 추천합니다! 추천합니다! 추천합니다! ',2,'2024-10-24 19:50:17'),(76,'SCI002','student017','이 강의는 도움이 되었습니다. 추천합니다! 추천합니다! 추천합니다! ',1,'2024-10-24 19:50:17'),(77,'SOC002','student001','이 강의는 좋았습니다. 추천합니다! 추천합니다! 추천합니다! ',5,'2024-10-24 19:50:17'),(78,'MATH002','student017','이 강의는 좋았습니다. 추천합니다! 추천합니다! 추천합니다! ',5,'2024-10-24 19:50:17'),(79,'KOR003','student025','이 강의는 도움이 되었습니다. 추천합니다! 추천합니다! 추천합니다! ',3,'2024-10-24 19:50:17'),(80,'SOC002','student019','이 강의는 좋았습니다. 추천합니다! 추천합니다! 추천합니다! ',2,'2024-10-24 19:50:17'),(81,'MATH001','student022','이 강의는 좋았습니다. 추천합니다! 추천합니다! 추천합니다! ',5,'2024-10-24 19:50:17'),(82,'MATH003','student024','이 강의는 괜찮았습니다. 추천합니다! 추천합니다! 추천합니다! ',4,'2024-10-24 19:50:17'),(83,'SCI002','student020','이 강의는 매우 유익했습니다. 추천합니다! 추천합니다! 추천합니다! ',3,'2024-10-24 19:50:17'),(84,'KOR002','student004','이 강의는 좋았습니다. 추천합니다! 추천합니다! 추천합니다! ',4,'2024-10-24 19:50:17'),(85,'KOR001','student021','이 강의는 도움이 되었습니다. 추천합니다! 추천합니다! 추천합니다! ',1,'2024-10-24 19:50:17'),(86,'SOC002','student017','이 강의는 괜찮았습니다. 추천합니다! 추천합니다! 추천합니다! ',3,'2024-10-24 19:50:17'),(87,'SCI003','student017','이 강의는 좋았습니다. 추천합니다! 추천합니다! 추천합니다! ',4,'2024-10-24 19:50:17'),(88,'KOR003','student015','이 강의는 훌륭했습니다. 추천합니다! 추천합니다! 추천합니다! ',5,'2024-10-24 19:50:17'),(89,'SOC001','student020','이 강의는 매우 유익했습니다. 추천합니다! 추천합니다! 추천합니다! ',2,'2024-10-24 19:50:17'),(90,'SCI002','student005','이 강의는 좋았습니다. 추천합니다! 추천합니다! 추천합니다! ',2,'2024-10-24 19:50:17'),(91,'KOR002','student012','이 강의는 매우 유익했습니다. 추천합니다! 추천합니다! 추천합니다! ',4,'2024-10-24 19:50:17'),(92,'MATH003','student005','이 강의는 훌륭했습니다. 추천합니다! 추천합니다! 추천합니다! ',1,'2024-10-24 19:50:17'),(93,'MATH003','student007','이 강의는 훌륭했습니다. 추천합니다! 추천합니다! 추천합니다! ',5,'2024-10-24 19:50:17'),(94,'MATH001','student003','이 강의는 괜찮았습니다. 추천합니다! 추천합니다! 추천합니다! ',4,'2024-10-24 19:50:17'),(95,'SOC001','student004','이 강의는 도움이 되었습니다. 추천합니다! 추천합니다! 추천합니다! ',1,'2024-10-24 19:50:17'),(96,'SOC001','student012','이 강의는 도움이 되었습니다. 추천합니다! 추천합니다! 추천합니다! ',1,'2024-10-24 19:50:17'),(97,'MATH003','student021','이 강의는 훌륭했습니다. 추천합니다! 추천합니다! 추천합니다! ',1,'2024-10-24 19:50:17'),(98,'KOR001','student009','이 강의는 좋았습니다. 추천합니다! 추천합니다! 추천합니다! ',3,'2024-10-24 19:50:17'),(99,'MATH002','student001','이 강의는 괜찮았습니다. 추천합니다! 추천합니다! 추천합니다! ',3,'2024-10-24 19:50:17'),(100,'ENG003','student008','이 강의는 훌륭했습니다. 추천합니다! 추천합니다! 추천합니다! ',1,'2024-10-24 19:50:17'),(101,'SOC003','student013','이 강의는 도움이 되었습니다. 추천합니다! 추천합니다! 추천합니다! ',1,'2024-10-24 19:50:17'),(102,'SOC001','student002','이 강의는 도움이 되었습니다. 추천합니다! 추천합니다! 추천합니다! ',4,'2024-10-24 19:50:17'),(103,'SCI001','student018','이 강의는 매우 유익했습니다. 추천합니다! 추천합니다! 추천합니다! ',2,'2024-10-24 19:50:17'),(104,'ENG002','student022','이 강의는 좋았습니다. 추천합니다! 추천합니다! 추천합니다! ',1,'2024-10-24 19:50:17'),(105,'KOR003','student019','이 강의는 훌륭했습니다. 추천합니다! 추천합니다! 추천합니다! ',3,'2024-10-24 19:50:17'),(106,'KOR002','student014','이 강의는 도움이 되었습니다. 추천합니다! 추천합니다! 추천합니다! ',5,'2024-10-24 19:50:17'),(107,'ENG002','student009','이 강의는 훌륭했습니다. 추천합니다! 추천합니다! 추천합니다! ',1,'2024-10-24 19:50:17'),(108,'KOR001','student006','이 강의는 좋았습니다. 추천합니다! 추천합니다! 추천합니다! ',1,'2024-10-24 19:50:17'),(109,'ENG002','student024','이 강의는 도움이 되었습니다. 추천합니다! 추천합니다! 추천합니다! ',2,'2024-10-24 19:50:17'),(110,'ENG002','student025','이 강의는 괜찮았습니다. 추천합니다! 추천합니다! 추천합니다! ',5,'2024-10-24 19:50:17'),(111,'ENG002','student010','이 강의는 매우 유익했습니다. 추천합니다! 추천합니다! 추천합니다! ',2,'2024-10-24 19:50:17'),(112,'SCI002','student025','이 강의는 매우 유익했습니다. 추천합니다! 추천합니다! 추천합니다! ',3,'2024-10-24 19:50:17'),(113,'ENG003','student018','이 강의는 좋았습니다. 추천합니다! 추천합니다! 추천합니다! ',3,'2024-10-24 19:50:17'),(114,'SOC003','student019','이 강의는 괜찮았습니다. 추천합니다! 추천합니다! 추천합니다! ',3,'2024-10-24 19:50:17'),(115,'ENG002','student004','이 강의는 도움이 되었습니다. 추천합니다! 추천합니다! 추천합니다! ',1,'2024-10-24 19:50:17'),(116,'MATH001','student020','이 강의는 매우 유익했습니다. 추천합니다! 추천합니다! 추천합니다! ',2,'2024-10-24 19:50:17'),(117,'MATH002','student003','이 강의는 좋았습니다. 추천합니다! 추천합니다! 추천합니다! ',5,'2024-10-24 19:50:17'),(118,'ENG001','student005','이 강의는 훌륭했습니다. 추천합니다! 추천합니다! 추천합니다! ',5,'2024-10-24 19:50:17'),(119,'SCI002','student004','이 강의는 훌륭했습니다. 추천합니다! 추천합니다! 추천합니다! ',3,'2024-10-24 19:50:17'),(120,'MATH002','student019','이 강의는 괜찮았습니다. 추천합니다! 추천합니다! 추천합니다! ',5,'2024-10-24 19:50:17');
/*!40000 ALTER TABLE `TBL_REVIEW` ENABLE KEYS */;
UNLOCK TABLES;

--
-- Dumping routines for database 'haebup'
--
/*!40103 SET TIME_ZONE=@OLD_TIME_ZONE */;

/*!40101 SET SQL_MODE=@OLD_SQL_MODE */;
/*!40014 SET FOREIGN_KEY_CHECKS=@OLD_FOREIGN_KEY_CHECKS */;
/*!40014 SET UNIQUE_CHECKS=@OLD_UNIQUE_CHECKS */;
/*!40101 SET CHARACTER_SET_CLIENT=@OLD_CHARACTER_SET_CLIENT */;
/*!40101 SET CHARACTER_SET_RESULTS=@OLD_CHARACTER_SET_RESULTS */;
/*!40101 SET COLLATION_CONNECTION=@OLD_COLLATION_CONNECTION */;
/*!40111 SET SQL_NOTES=@OLD_SQL_NOTES */;

-- Dump completed on 2024-10-25  9:23:38
