-- MySQL dump 10.13  Distrib 9.0.1, for macos15.0 (arm64)
--
-- Host: 127.0.0.1    Database: haebup
-- ------------------------------------------------------
-- Server version	8.0.39-0ubuntu0.24.04.1

/*!40101 SET @OLD_CHARACTER_SET_CLIENT=@@CHARACTER_SET_CLIENT */;
/*!40101 SET @OLD_CHARACTER_SET_RESULTS=@@CHARACTER_SET_RESULTS */;
/*!40101 SET @OLD_COLLATION_CONNECTION=@@COLLATION_CONNECTION */;
/*!50503 SET NAMES utf8mb4 */;
/*!40103 SET @OLD_TIME_ZONE=@@TIME_ZONE */;
/*!40103 SET TIME_ZONE='+00:00' */;
/*!40014 SET @OLD_UNIQUE_CHECKS=@@UNIQUE_CHECKS, UNIQUE_CHECKS=0 */;
/*!40014 SET @OLD_FOREIGN_KEY_CHECKS=@@FOREIGN_KEY_CHECKS, FOREIGN_KEY_CHECKS=0 */;
/*!40101 SET @OLD_SQL_MODE=@@SQL_MODE, SQL_MODE='NO_AUTO_VALUE_ON_ZERO' */;
/*!40111 SET @OLD_SQL_NOTES=@@SQL_NOTES, SQL_NOTES=0 */;

--
-- Table structure for table `STUDENT_LECTURE_PROGRESS`
--

DROP TABLE IF EXISTS `STUDENT_LECTURE_PROGRESS`;
/*!40101 SET @saved_cs_client     = @@character_set_client */;
/*!50503 SET character_set_client = utf8mb4 */;
CREATE TABLE `STUDENT_LECTURE_PROGRESS` (
  `progress_idx` int unsigned NOT NULL AUTO_INCREMENT COMMENT '수강 진행 ID',
  `user_id` varchar(50) CHARACTER SET utf8mb4 COLLATE utf8mb4_general_ci NOT NULL COMMENT '학생 ID',
  `lecture_detail_idx` int NOT NULL COMMENT '강의 상세 ID',
  `is_completed` tinyint(1) NOT NULL DEFAULT '0' COMMENT '수강 완료 여부',
  `completion_date` datetime DEFAULT NULL COMMENT '수강 완료 일시',
  PRIMARY KEY (`progress_idx`),
  KEY `fk_progress_user` (`user_id`),
  KEY `fk_progress_lecture_detail` (`lecture_detail_idx`),
  CONSTRAINT `fk_progress_lecture_detail` FOREIGN KEY (`lecture_detail_idx`) REFERENCES `TBL_LECTURE_DETAIL` (`lecture_detail_idx`),
  CONSTRAINT `fk_progress_user` FOREIGN KEY (`user_id`) REFERENCES `TBL_MEMBER` (`user_id`)
) ENGINE=InnoDB AUTO_INCREMENT=256 DEFAULT CHARSET=utf8mb4 COLLATE=utf8mb4_general_ci COMMENT='학생 상세강의 수강 진행 정보';
/*!40101 SET character_set_client = @saved_cs_client */;

--
-- Dumping data for table `STUDENT_LECTURE_PROGRESS`
--

LOCK TABLES `STUDENT_LECTURE_PROGRESS` WRITE;
/*!40000 ALTER TABLE `STUDENT_LECTURE_PROGRESS` DISABLE KEYS */;
INSERT INTO `STUDENT_LECTURE_PROGRESS` VALUES (1,'student2',9,0,'2024-10-20 00:00:00'),(2,'student5',131,1,'2024-10-07 00:00:00'),(3,'student3',38,0,'2024-10-01 00:00:00'),(4,'student4',82,1,'2024-10-20 00:00:00'),(5,'student4',12,1,'2024-10-24 00:00:00'),(6,'student5',96,1,'2024-10-21 00:00:00'),(7,'student3',84,1,'2024-09-30 00:00:00'),(8,'student5',80,0,NULL),(9,'student4',60,1,NULL),(10,'student4',74,1,'2024-10-11 00:00:00'),(11,'student5',134,0,'2024-10-01 00:00:00'),(12,'student3',33,1,'2024-10-05 00:00:00'),(13,'student5',138,0,'2024-10-09 00:00:00'),(14,'student2',29,1,NULL),(15,'student3',35,0,'2024-09-25 00:00:00'),(16,'student2',100,1,'2024-10-22 00:00:00'),(17,'student4',88,0,'2024-10-01 00:00:00'),(18,'student4',130,1,'2024-10-16 00:00:00'),(19,'student5',60,1,NULL),(20,'student2',4,1,'2024-10-11 00:00:00'),(21,'student5',67,0,'2024-10-19 00:00:00'),(22,'student1',104,1,'2024-10-24 00:00:00'),(23,'student4',83,1,NULL),(24,'student5',64,1,'2024-10-11 00:00:00'),(25,'student3',88,0,'2024-09-25 00:00:00'),(26,'student3',34,1,NULL),(27,'student4',16,1,NULL),(28,'student2',94,1,NULL),(29,'student4',34,1,'2024-10-20 00:00:00'),(30,'student4',75,1,'2024-10-01 00:00:00'),(31,'student3',39,1,'2024-10-16 00:00:00'),(32,'student2',93,1,'2024-10-15 00:00:00'),(33,'student2',3,1,'2024-10-12 00:00:00'),(34,'student1',106,1,'2024-09-27 00:00:00'),(35,'student5',18,0,'2024-10-15 00:00:00'),(36,'student3',58,1,'2024-10-21 00:00:00'),(37,'student3',55,1,NULL),(38,'student5',19,0,'2024-10-15 00:00:00'),(39,'student2',2,1,'2024-10-03 00:00:00'),(40,'student5',136,0,'2024-10-24 00:00:00'),(41,'student3',37,1,'2024-10-01 00:00:00'),(42,'student5',61,1,'2024-10-22 00:00:00'),(43,'student4',32,1,NULL),(44,'student4',71,1,NULL),(45,'student4',11,0,'2024-10-07 00:00:00'),(46,'student3',82,1,'2024-10-11 00:00:00'),(47,'student5',15,1,'2024-10-14 00:00:00'),(48,'student2',5,0,'2024-10-03 00:00:00'),(49,'student5',74,1,'2024-10-04 00:00:00'),(50,'student4',33,1,'2024-10-10 00:00:00'),(51,'student4',37,1,'2024-09-28 00:00:00'),(52,'student1',108,0,'2024-10-15 00:00:00'),(53,'student2',27,1,'2024-10-15 00:00:00'),(54,'student5',77,0,'2024-10-17 00:00:00'),(55,'student3',90,1,'2024-10-06 00:00:00'),(56,'student3',60,1,'2024-09-26 00:00:00'),(57,'student4',13,1,'2024-10-06 00:00:00'),(58,'student4',55,1,'2024-10-03 00:00:00'),(59,'student2',8,1,'2024-10-12 00:00:00'),(60,'student5',75,1,'2024-10-21 00:00:00'),(61,'student4',56,1,'2024-10-23 00:00:00'),(62,'student1',143,1,NULL),(63,'student1',142,1,'2024-10-03 00:00:00'),(64,'student4',90,1,'2024-10-17 00:00:00'),(65,'student5',73,0,'2024-10-14 00:00:00'),(66,'student2',95,1,'2024-10-12 00:00:00'),(67,'student4',39,0,'2024-09-28 00:00:00'),(68,'student5',57,0,'2024-10-08 00:00:00'),(69,'student2',92,1,NULL),(70,'student2',96,1,NULL),(71,'student4',53,0,'2024-10-20 00:00:00'),(72,'student5',92,1,'2024-10-10 00:00:00'),(73,'student4',81,0,NULL),(74,'student5',72,1,'2024-10-14 00:00:00'),(75,'student5',17,0,NULL),(76,'student5',93,1,NULL),(77,'student4',38,1,NULL),(78,'student2',98,1,'2024-10-03 00:00:00'),(79,'student3',54,1,NULL),(80,'student5',66,1,NULL),(81,'student4',85,1,'2024-10-17 00:00:00'),(82,'student4',86,1,NULL),(83,'student4',123,0,'2024-10-02 00:00:00'),(84,'student5',54,1,'2024-09-30 00:00:00'),(85,'student4',36,0,'2024-09-27 00:00:00'),(86,'student4',17,0,'2024-10-06 00:00:00'),(87,'student1',102,1,'2024-10-24 00:00:00'),(88,'student4',128,0,'2024-10-17 00:00:00'),(89,'student2',23,1,'2024-09-29 00:00:00'),(90,'student4',79,1,NULL),(91,'student5',95,0,'2024-10-17 00:00:00'),(92,'student4',87,1,'2024-09-30 00:00:00'),(93,'student5',97,0,'2024-10-01 00:00:00'),(94,'student5',14,0,'2024-10-20 00:00:00'),(95,'student5',13,1,NULL),(96,'student5',99,1,'2024-10-18 00:00:00'),(97,'student5',140,1,'2024-10-12 00:00:00'),(98,'student1',103,1,NULL),(99,'student5',62,1,'2024-09-28 00:00:00'),(100,'student2',30,1,'2024-10-06 00:00:00'),(101,'student5',79,0,NULL),(102,'student3',31,1,'2024-10-16 00:00:00'),(103,'student4',127,1,'2024-10-20 00:00:00'),(104,'student2',22,1,'2024-10-23 00:00:00'),(105,'student1',109,1,'2024-10-13 00:00:00'),(106,'student4',73,1,'2024-10-16 00:00:00'),(107,'student3',59,1,NULL),(108,'student3',81,0,NULL),(109,'student4',40,1,NULL),(110,'student4',122,1,'2024-10-01 00:00:00'),(111,'student3',89,0,'2024-09-26 00:00:00'),(112,'student1',148,1,'2024-10-01 00:00:00'),(113,'student5',94,1,'2024-10-22 00:00:00'),(114,'student1',110,0,'2024-10-04 00:00:00'),(115,'student3',57,1,'2024-10-22 00:00:00'),(116,'student2',24,1,'2024-09-27 00:00:00'),(117,'student4',18,1,'2024-10-08 00:00:00'),(118,'student4',84,1,'2024-10-19 00:00:00'),(119,'student5',20,1,'2024-10-23 00:00:00'),(120,'student5',71,0,'2024-09-29 00:00:00'),(121,'student3',85,0,NULL),(122,'student5',98,0,'2024-10-15 00:00:00'),(123,'student2',28,1,'2024-10-17 00:00:00'),(124,'student3',36,1,'2024-09-30 00:00:00'),(125,'student3',86,1,'2024-10-08 00:00:00'),(126,'student2',1,1,'2024-09-28 00:00:00'),(127,'student4',78,1,'2024-10-15 00:00:00'),(128,'student1',150,0,NULL),(129,'student2',91,1,NULL),(130,'student4',58,1,'2024-09-27 00:00:00'),(131,'student4',126,1,'2024-10-01 00:00:00'),(132,'student5',63,1,'2024-10-06 00:00:00'),(133,'student5',68,0,'2024-09-27 00:00:00'),(134,'student4',54,0,NULL),(135,'student3',40,1,NULL),(136,'student3',56,0,NULL),(137,'student1',149,1,'2024-10-01 00:00:00'),(138,'student5',135,1,NULL),(139,'student3',32,1,'2024-10-04 00:00:00'),(140,'student4',72,1,'2024-09-30 00:00:00'),(141,'student1',147,1,'2024-10-01 00:00:00'),(142,'student4',57,1,NULL),(143,'student5',12,1,'2024-10-14 00:00:00'),(144,'student4',129,0,'2024-10-15 00:00:00'),(145,'student4',31,0,'2024-09-30 00:00:00'),(146,'student1',107,0,'2024-10-02 00:00:00'),(147,'student5',100,0,NULL),(148,'student5',53,1,NULL),(149,'student1',145,0,'2024-10-19 00:00:00'),(150,'student5',11,1,'2024-10-09 00:00:00'),(151,'student2',21,1,NULL),(152,'student4',20,1,'2024-10-02 00:00:00'),(153,'student4',19,1,'2024-10-12 00:00:00'),(154,'student4',89,1,NULL),(155,'student3',83,1,NULL),(156,'student2',97,1,'2024-09-28 00:00:00'),(157,'student2',26,1,'2024-09-26 00:00:00'),(158,'student1',101,1,NULL),(159,'student2',10,1,NULL),(160,'student5',132,1,'2024-10-15 00:00:00'),(161,'student5',58,1,NULL),(162,'student5',91,1,'2024-10-02 00:00:00'),(163,'student5',16,0,'2024-10-03 00:00:00'),(164,'student4',35,1,'2024-10-22 00:00:00'),(165,'student1',105,1,NULL),(166,'student5',56,1,'2024-10-24 00:00:00'),(167,'student4',125,0,'2024-10-07 00:00:00'),(168,'student1',144,1,'2024-10-17 00:00:00'),(169,'student5',133,1,NULL),(170,'student4',121,1,'2024-10-19 00:00:00'),(171,'student5',59,1,NULL),(172,'student5',78,1,'2024-10-19 00:00:00'),(173,'student4',76,0,NULL),(174,'student4',80,1,NULL),(175,'student5',137,1,NULL),(176,'student3',51,1,'2024-09-30 00:00:00'),(177,'student4',51,1,'2024-09-26 00:00:00'),(178,'student5',139,0,'2024-10-04 00:00:00'),(179,'student5',52,1,'2024-10-18 00:00:00'),(180,'student5',51,1,'2024-10-11 00:00:00'),(181,'student5',55,1,'2024-10-19 00:00:00'),(182,'student4',77,0,'2024-10-12 00:00:00'),(183,'student4',15,1,'2024-10-03 00:00:00'),(184,'student4',124,1,NULL),(185,'student4',52,1,'2024-10-23 00:00:00'),(186,'student4',59,0,'2024-10-14 00:00:00'),(187,'student5',70,1,'2024-10-01 00:00:00'),(188,'student5',69,0,NULL),(189,'student5',76,1,NULL),(190,'student2',7,1,'2024-10-22 00:00:00'),(191,'student4',14,0,'2024-10-03 00:00:00'),(192,'student3',52,1,'2024-10-08 00:00:00'),(193,'student5',65,1,'2024-10-14 00:00:00'),(194,'student2',6,1,'2024-09-29 00:00:00'),(195,'student1',141,1,'2024-10-19 00:00:00'),(196,'student2',25,1,'2024-09-29 00:00:00'),(197,'student3',53,1,'2024-10-14 00:00:00'),(198,'student2',99,1,'2024-10-09 00:00:00'),(199,'student3',87,1,'2024-10-16 00:00:00'),(200,'student1',146,1,'2024-09-30 00:00:00');
/*!40000 ALTER TABLE `STUDENT_LECTURE_PROGRESS` ENABLE KEYS */;
UNLOCK TABLES;

--
-- Table structure for table `TBL_BOARD`
--

DROP TABLE IF EXISTS `TBL_BOARD`;
/*!40101 SET @saved_cs_client     = @@character_set_client */;
/*!50503 SET character_set_client = utf8mb4 */;
CREATE TABLE `TBL_BOARD` (
  `board_idx` int unsigned NOT NULL AUTO_INCREMENT COMMENT '게시물 아이디',
  `board_title` varchar(100) COLLATE utf8mb4_general_ci NOT NULL COMMENT '게시물 제목',
  `board_content` text COLLATE utf8mb4_general_ci NOT NULL COMMENT '게시물 내용',
  `board_regdate` datetime NOT NULL DEFAULT CURRENT_TIMESTAMP COMMENT '게시물 등록일',
  `board_type` enum('P','N','D','C','R') CHARACTER SET utf8mb4 COLLATE utf8mb4_general_ci NOT NULL COMMENT '게시물 유형 (P: 자유게시판, N: 공지사항, D: 자료실, C: 강의 공지, R: 수강후기)\n카테고리 ( 강의 코드만 들어올수있게 )',
  `board_writer` varchar(50) COLLATE utf8mb4_general_ci NOT NULL COMMENT '게시물 작성자 아이디',
  `board_category` varchar(50) COLLATE utf8mb4_general_ci DEFAULT NULL COMMENT '"C , R " 일때 null 안됨~',
  PRIMARY KEY (`board_idx`),
  KEY `fk_board_writer` (`board_writer`),
  KEY `fk_board_category` (`board_category`),
  CONSTRAINT `fk_board_category` FOREIGN KEY (`board_category`) REFERENCES `TBL_LECTURE` (`lecture_code`),
  CONSTRAINT `fk_board_writer` FOREIGN KEY (`board_writer`) REFERENCES `TBL_MEMBER` (`user_id`)
) ENGINE=InnoDB AUTO_INCREMENT=128 DEFAULT CHARSET=utf8mb4 COLLATE=utf8mb4_general_ci;
/*!40101 SET character_set_client = @saved_cs_client */;

--
-- Dumping data for table `TBL_BOARD`
--

LOCK TABLES `TBL_BOARD` WRITE;
/*!40000 ALTER TABLE `TBL_BOARD` DISABLE KEYS */;
INSERT INTO `TBL_BOARD` VALUES (1,'공지사항 2','이것은 공지사항의 내용입니다. 더미 텍스트 더미 텍스트 더미 텍스트 더미 텍스트 더미 텍스트 ','2024-10-24 13:38:15','N','teacher_soc1',NULL),(2,'공지사항 4','이것은 공지사항의 내용입니다. 더미 텍스트 더미 텍스트 더미 텍스트 더미 텍스트 더미 텍스트 ','2024-10-24 13:38:15','N','teacher_eng1',NULL),(3,'중등 과학 종합 수강후기 1','이것은 수강후기의 내용입니다. 더미 텍스트 더미 텍스트 더미 텍스트 더미 텍스트 더미 텍스트 ','2024-10-24 13:38:15','R','student2','SCI001'),(4,'자유게시판 글 9','이것은 자유게시판의 내용입니다. 더미 텍스트 더미 텍스트 더미 텍스트 더미 텍스트 더미 텍스트 ','2024-10-24 13:38:15','P','student2',NULL),(5,'중등 과학 종합 공지사항 1','이것은 강의 공지의 내용입니다. 더미 텍스트 더미 텍스트 더미 텍스트 더미 텍스트 더미 텍스트 ','2024-10-24 13:38:15','C','teacher_sci1','SCI001'),(6,'사회문화 개념 정리 수강후기 1','이것은 수강후기의 내용입니다. 더미 텍스트 더미 텍스트 더미 텍스트 더미 텍스트 더미 텍스트 ','2024-10-24 13:38:15','R','student1','SOC003'),(7,'중등 영어 문법 수강후기 1','이것은 수강후기의 내용입니다. 더미 텍스트 더미 텍스트 더미 텍스트 더미 텍스트 더미 텍스트 ','2024-10-24 13:38:15','R','student5','ENG001'),(8,'자료실 게시물 5','이것은 자료실의 내용입니다. 더미 텍스트 더미 텍스트 더미 텍스트 더미 텍스트 더미 텍스트 ','2024-10-24 13:38:15','D','teacher_soc1',NULL),(9,'자유게시판 글 11','이것은 자유게시판의 내용입니다. 더미 텍스트 더미 텍스트 더미 텍스트 더미 텍스트 더미 텍스트 ','2024-10-24 13:38:15','P','student2',NULL),(10,'고등 물리 심화 수강후기 1','이것은 수강후기의 내용입니다. 더미 텍스트 더미 텍스트 더미 텍스트 더미 텍스트 더미 텍스트 ','2024-10-24 13:38:15','R','student5','SCI002'),(11,'자유게시판 글 10','이것은 자유게시판의 내용입니다. 더미 텍스트 더미 텍스트 더미 텍스트 더미 텍스트 더미 텍스트 ','2024-10-24 13:38:15','P','student2',NULL),(12,'공지사항 7','이것은 공지사항의 내용입니다. 더미 텍스트 더미 텍스트 더미 텍스트 더미 텍스트 더미 텍스트 ','2024-10-24 13:38:15','N','teacher_sci2',NULL),(13,'공지사항 15','이것은 공지사항의 내용입니다. 더미 텍스트 더미 텍스트 더미 텍스트 더미 텍스트 더미 텍스트 ','2024-10-24 13:38:15','N','teacher_soc1',NULL),(14,'자유게시판 글 14','이것은 자유게시판의 내용입니다. 더미 텍스트 더미 텍스트 더미 텍스트 더미 텍스트 더미 텍스트 ','2024-10-24 13:38:15','P','student3',NULL),(15,'영어 회화 마스터 공지사항 1','이것은 강의 공지의 내용입니다. 더미 텍스트 더미 텍스트 더미 텍스트 더미 텍스트 더미 텍스트 ','2024-10-24 13:38:15','C','teacher_sci2','ENG003'),(16,'자유게시판 글 1','이것은 자유게시판의 내용입니다. 더미 텍스트 더미 텍스트 더미 텍스트 더미 텍스트 더미 텍스트 ','2024-10-24 13:38:15','P','student1',NULL),(17,'한국사 핵심 정리 수강후기 1','이것은 수강후기의 내용입니다. 더미 텍스트 더미 텍스트 더미 텍스트 더미 텍스트 더미 텍스트 ','2024-10-24 13:38:15','R','student3','SOC001'),(18,'생명과학 집중 강의 공지사항 1','이것은 강의 공지의 내용입니다. 더미 텍스트 더미 텍스트 더미 텍스트 더미 텍스트 더미 텍스트 ','2024-10-24 13:38:15','C','teacher_sci2','SCI003'),(19,'자료실 게시물 12','이것은 자료실의 내용입니다. 더미 텍스트 더미 텍스트 더미 텍스트 더미 텍스트 더미 텍스트 ','2024-10-24 13:38:15','D','teacher_sci1',NULL),(20,'자료실 게시물 7','이것은 자료실의 내용입니다. 더미 텍스트 더미 텍스트 더미 텍스트 더미 텍스트 더미 텍스트 ','2024-10-24 13:38:15','D','teacher_eng2',NULL),(21,'문학 작품 분석 공지사항 1','이것은 강의 공지의 내용입니다. 더미 텍스트 더미 텍스트 더미 텍스트 더미 텍스트 더미 텍스트 ','2024-10-24 13:38:15','C','teacher_soc1','KOR003'),(22,'수능 수학 실전 공지사항 1','이것은 강의 공지의 내용입니다. 더미 텍스트 더미 텍스트 더미 텍스트 더미 텍스트 더미 텍스트 ','2024-10-24 13:38:15','C','teacher_sci1','MATH002'),(23,'고등 수학 심화 공지사항 1','이것은 강의 공지의 내용입니다. 더미 텍스트 더미 텍스트 더미 텍스트 더미 텍스트 더미 텍스트 ','2024-10-24 13:38:15','C','teacher_soc1','MATH003'),(24,'자료실 게시물 3','이것은 자료실의 내용입니다. 더미 텍스트 더미 텍스트 더미 텍스트 더미 텍스트 더미 텍스트 ','2024-10-24 13:38:15','D','teacher_sci1',NULL),(25,'고등 수학 심화 수강후기 1','이것은 수강후기의 내용입니다. 더미 텍스트 더미 텍스트 더미 텍스트 더미 텍스트 더미 텍스트 ','2024-10-24 13:38:15','R','student3','MATH003'),(26,'자료실 게시물 6','이것은 자료실의 내용입니다. 더미 텍스트 더미 텍스트 더미 텍스트 더미 텍스트 더미 텍스트 ','2024-10-24 13:38:15','D','teacher_kor2',NULL),(27,'공지사항 5','이것은 공지사항의 내용입니다. 더미 텍스트 더미 텍스트 더미 텍스트 더미 텍스트 더미 텍스트 ','2024-10-24 13:38:15','N','teacher_eng2',NULL),(28,'자료실 게시물 4','이것은 자료실의 내용입니다. 더미 텍스트 더미 텍스트 더미 텍스트 더미 텍스트 더미 텍스트 ','2024-10-24 13:38:15','D','teacher_eng2',NULL),(29,'중등 영어 문법 공지사항 1','이것은 강의 공지의 내용입니다. 더미 텍스트 더미 텍스트 더미 텍스트 더미 텍스트 더미 텍스트 ','2024-10-24 13:38:15','C','teacher_math1','ENG001'),(30,'자료실 게시물 15','이것은 자료실의 내용입니다. 더미 텍스트 더미 텍스트 더미 텍스트 더미 텍스트 더미 텍스트 ','2024-10-24 13:38:15','D','teacher_soc1',NULL),(31,'영어 회화 마스터 수강후기 1','이것은 수강후기의 내용입니다. 더미 텍스트 더미 텍스트 더미 텍스트 더미 텍스트 더미 텍스트 ','2024-10-24 13:38:15','R','student2','ENG003'),(32,'사회문화 개념 정리 공지사항 1','이것은 강의 공지의 내용입니다. 더미 텍스트 더미 텍스트 더미 텍스트 더미 텍스트 더미 텍스트 ','2024-10-24 13:38:15','C','teacher_sci2','SOC003'),(33,'토익 고득점 비법 공지사항 1','이것은 강의 공지의 내용입니다. 더미 텍스트 더미 텍스트 더미 텍스트 더미 텍스트 더미 텍스트 ','2024-10-24 13:38:15','C','teacher_sci1','ENG002'),(34,'자유게시판 글 3','이것은 자유게시판의 내용입니다. 더미 텍스트 더미 텍스트 더미 텍스트 더미 텍스트 더미 텍스트 ','2024-10-24 13:38:15','P','student2',NULL),(35,'자유게시판 글 4','이것은 자유게시판의 내용입니다. 더미 텍스트 더미 텍스트 더미 텍스트 더미 텍스트 더미 텍스트 ','2024-10-24 13:38:15','P','student4',NULL),(36,'수능 국어 마스터 수강후기 1','이것은 수강후기의 내용입니다. 더미 텍스트 더미 텍스트 더미 텍스트 더미 텍스트 더미 텍스트 ','2024-10-24 13:38:15','R','student2','KOR002'),(37,'자유게시판 글 8','이것은 자유게시판의 내용입니다. 더미 텍스트 더미 텍스트 더미 텍스트 더미 텍스트 더미 텍스트 ','2024-10-24 13:38:15','P','student2',NULL),(38,'자유게시판 글 7','이것은 자유게시판의 내용입니다. 더미 텍스트 더미 텍스트 더미 텍스트 더미 텍스트 더미 텍스트 ','2024-10-24 13:38:15','P','student5',NULL),(39,'자유게시판 글 2','이것은 자유게시판의 내용입니다. 더미 텍스트 더미 텍스트 더미 텍스트 더미 텍스트 더미 텍스트 ','2024-10-24 13:38:15','P','student1',NULL),(40,'수능 국어 마스터 공지사항 1','이것은 강의 공지의 내용입니다. 더미 텍스트 더미 텍스트 더미 텍스트 더미 텍스트 더미 텍스트 ','2024-10-24 13:38:15','C','teacher_kor2','KOR002'),(41,'자유게시판 글 5','이것은 자유게시판의 내용입니다. 더미 텍스트 더미 텍스트 더미 텍스트 더미 텍스트 더미 텍스트 ','2024-10-24 13:38:15','P','student4',NULL),(42,'자료실 게시물 9','이것은 자료실의 내용입니다. 더미 텍스트 더미 텍스트 더미 텍스트 더미 텍스트 더미 텍스트 ','2024-10-24 13:38:15','D','teacher_eng2',NULL),(43,'자료실 게시물 1','이것은 자료실의 내용입니다. 더미 텍스트 더미 텍스트 더미 텍스트 더미 텍스트 더미 텍스트 ','2024-10-24 13:38:15','D','teacher_sci1',NULL),(44,'고등 물리 심화 공지사항 1','이것은 강의 공지의 내용입니다. 더미 텍스트 더미 텍스트 더미 텍스트 더미 텍스트 더미 텍스트 ','2024-10-24 13:38:15','C','teacher_kor2','SCI002'),(45,'자료실 게시물 11','이것은 자료실의 내용입니다. 더미 텍스트 더미 텍스트 더미 텍스트 더미 텍스트 더미 텍스트 ','2024-10-24 13:38:15','D','teacher_eng1',NULL),(46,'중학 수학 기초 공지사항 1','이것은 강의 공지의 내용입니다. 더미 텍스트 더미 텍스트 더미 텍스트 더미 텍스트 더미 텍스트 ','2024-10-24 13:38:15','C','teacher_math2','MATH001'),(47,'자유게시판 글 15','이것은 자유게시판의 내용입니다. 더미 텍스트 더미 텍스트 더미 텍스트 더미 텍스트 더미 텍스트 ','2024-10-24 13:38:15','P','student1',NULL),(48,'공지사항 14','이것은 공지사항의 내용입니다. 더미 텍스트 더미 텍스트 더미 텍스트 더미 텍스트 더미 텍스트 ','2024-10-24 13:38:15','N','teacher_soc2',NULL),(49,'자유게시판 글 13','이것은 자유게시판의 내용입니다. 더미 텍스트 더미 텍스트 더미 텍스트 더미 텍스트 더미 텍스트 ','2024-10-24 13:38:15','P','student5',NULL),(50,'공지사항 3','이것은 공지사항의 내용입니다. 더미 텍스트 더미 텍스트 더미 텍스트 더미 텍스트 더미 텍스트 ','2024-10-24 13:38:15','N','teacher_kor1',NULL),(51,'공지사항 6','이것은 공지사항의 내용입니다. 더미 텍스트 더미 텍스트 더미 텍스트 더미 텍스트 더미 텍스트 ','2024-10-24 13:38:15','N','teacher_soc2',NULL),(52,'세계사 주요 사건 수강후기 1','이것은 수강후기의 내용입니다. 더미 텍스트 더미 텍스트 더미 텍스트 더미 텍스트 더미 텍스트 ','2024-10-24 13:38:15','R','student1','SOC002'),(53,'공지사항 8','이것은 공지사항의 내용입니다. 더미 텍스트 더미 텍스트 더미 텍스트 더미 텍스트 더미 텍스트 ','2024-10-24 13:38:15','N','teacher_kor1',NULL),(54,'토익 고득점 비법 수강후기 1','이것은 수강후기의 내용입니다. 더미 텍스트 더미 텍스트 더미 텍스트 더미 텍스트 더미 텍스트 ','2024-10-24 13:38:15','R','student1','ENG002'),(55,'자료실 게시물 2','이것은 자료실의 내용입니다. 더미 텍스트 더미 텍스트 더미 텍스트 더미 텍스트 더미 텍스트 ','2024-10-24 13:38:15','D','teacher_soc1',NULL),(56,'자유게시판 글 6','이것은 자유게시판의 내용입니다. 더미 텍스트 더미 텍스트 더미 텍스트 더미 텍스트 더미 텍스트 ','2024-10-24 13:38:15','P','student5',NULL),(57,'공지사항 10','이것은 공지사항의 내용입니다. 더미 텍스트 더미 텍스트 더미 텍스트 더미 텍스트 더미 텍스트 ','2024-10-24 13:38:15','N','teacher_sci2',NULL),(58,'자료실 게시물 13','이것은 자료실의 내용입니다. 더미 텍스트 더미 텍스트 더미 텍스트 더미 텍스트 더미 텍스트 ','2024-10-24 13:38:15','D','teacher_soc2',NULL),(59,'공지사항 12','이것은 공지사항의 내용입니다. 더미 텍스트 더미 텍스트 더미 텍스트 더미 텍스트 더미 텍스트 ','2024-10-24 13:38:15','N','teacher_eng1',NULL),(60,'중학 수학 기초 수강후기 1','이것은 수강후기의 내용입니다. 더미 텍스트 더미 텍스트 더미 텍스트 더미 텍스트 더미 텍스트 ','2024-10-24 13:38:15','R','student3','MATH001'),(61,'세계사 주요 사건 공지사항 1','이것은 강의 공지의 내용입니다. 더미 텍스트 더미 텍스트 더미 텍스트 더미 텍스트 더미 텍스트 ','2024-10-24 13:38:15','C','teacher_sci1','SOC002'),(62,'공지사항 1','이것은 공지사항의 내용입니다. 더미 텍스트 더미 텍스트 더미 텍스트 더미 텍스트 더미 텍스트 ','2024-10-24 13:38:15','N','teacher_math2',NULL),(63,'고등 국어 기초 공지사항 1','이것은 강의 공지의 내용입니다. 더미 텍스트 더미 텍스트 더미 텍스트 더미 텍스트 더미 텍스트 ','2024-10-24 13:38:15','C','teacher_math2','KOR001'),(64,'자유게시판 글 12','이것은 자유게시판의 내용입니다. 더미 텍스트 더미 텍스트 더미 텍스트 더미 텍스트 더미 텍스트 ','2024-10-24 13:38:15','P','student4',NULL),(65,'공지사항 9','이것은 공지사항의 내용입니다. 더미 텍스트 더미 텍스트 더미 텍스트 더미 텍스트 더미 텍스트 ','2024-10-24 13:38:15','N','teacher_eng1',NULL),(66,'자료실 게시물 8','이것은 자료실의 내용입니다. 더미 텍스트 더미 텍스트 더미 텍스트 더미 텍스트 더미 텍스트 ','2024-10-24 13:38:15','D','teacher_soc2',NULL),(67,'고등 국어 기초 수강후기 1','이것은 수강후기의 내용입니다. 더미 텍스트 더미 텍스트 더미 텍스트 더미 텍스트 더미 텍스트 ','2024-10-24 13:38:15','R','student2','KOR001'),(68,'수능 수학 실전 수강후기 1','이것은 수강후기의 내용입니다. 더미 텍스트 더미 텍스트 더미 텍스트 더미 텍스트 더미 텍스트 ','2024-10-24 13:38:15','R','student4','MATH002'),(69,'생명과학 집중 강의 수강후기 1','이것은 수강후기의 내용입니다. 더미 텍스트 더미 텍스트 더미 텍스트 더미 텍스트 더미 텍스트 ','2024-10-24 13:38:15','R','student4','SCI003'),(70,'자료실 게시물 14','이것은 자료실의 내용입니다. 더미 텍스트 더미 텍스트 더미 텍스트 더미 텍스트 더미 텍스트 ','2024-10-24 13:38:15','D','teacher_soc2',NULL),(71,'한국사 핵심 정리 공지사항 1','이것은 강의 공지의 내용입니다. 더미 텍스트 더미 텍스트 더미 텍스트 더미 텍스트 더미 텍스트 ','2024-10-24 13:38:15','C','teacher_eng1','SOC001'),(72,'공지사항 11','이것은 공지사항의 내용입니다. 더미 텍스트 더미 텍스트 더미 텍스트 더미 텍스트 더미 텍스트 ','2024-10-24 13:38:15','N','teacher_sci1',NULL),(73,'자료실 게시물 10','이것은 자료실의 내용입니다. 더미 텍스트 더미 텍스트 더미 텍스트 더미 텍스트 더미 텍스트 ','2024-10-24 13:38:15','D','teacher_soc1',NULL),(74,'공지사항 13','이것은 공지사항의 내용입니다. 더미 텍스트 더미 텍스트 더미 텍스트 더미 텍스트 더미 텍스트 ','2024-10-24 13:38:15','N','teacher_math1',NULL),(75,'문학 작품 분석 수강후기 1','이것은 수강후기의 내용입니다. 더미 텍스트 더미 텍스트 더미 텍스트 더미 텍스트 더미 텍스트 ','2024-10-24 13:38:15','R','student1','KOR003');
/*!40000 ALTER TABLE `TBL_BOARD` ENABLE KEYS */;
UNLOCK TABLES;

--
-- Table structure for table `TBL_COMMENT`
--

DROP TABLE IF EXISTS `TBL_COMMENT`;
/*!40101 SET @saved_cs_client     = @@character_set_client */;
/*!50503 SET character_set_client = utf8mb4 */;
CREATE TABLE `TBL_COMMENT` (
  `comment_idx` int unsigned NOT NULL COMMENT '댓글 아이디',
  `post_idx` int unsigned NOT NULL COMMENT '댓글 대상 게시물 아이디',
  `user_id` varchar(50) COLLATE utf8mb4_general_ci NOT NULL COMMENT '댓글 작성자 아이디',
  `comment_content` text COLLATE utf8mb4_general_ci NOT NULL COMMENT '댓글 내용',
  `comment_date` datetime NOT NULL DEFAULT CURRENT_TIMESTAMP COMMENT '댓글 작성일',
  PRIMARY KEY (`comment_idx`),
  KEY `fk_comment_post` (`post_idx`),
  KEY `fk_comment_user` (`user_id`),
  CONSTRAINT `fk_comment_post` FOREIGN KEY (`post_idx`) REFERENCES `TBL_BOARD` (`board_idx`),
  CONSTRAINT `fk_comment_user` FOREIGN KEY (`user_id`) REFERENCES `TBL_MEMBER` (`user_id`)
) ENGINE=InnoDB DEFAULT CHARSET=utf8mb4 COLLATE=utf8mb4_general_ci;
/*!40101 SET character_set_client = @saved_cs_client */;

--
-- Dumping data for table `TBL_COMMENT`
--

LOCK TABLES `TBL_COMMENT` WRITE;
/*!40000 ALTER TABLE `TBL_COMMENT` DISABLE KEYS */;
INSERT INTO `TBL_COMMENT` VALUES (1,6,'student4','이것은 댓글 내용입니다. 더미 댓글 더미 댓글 더미 댓글 ','2024-10-24 13:38:20'),(2,6,'teacher_soc2','이것은 댓글 내용입니다. 더미 댓글 더미 댓글 더미 댓글 ','2024-10-24 13:38:20'),(3,6,'teacher_kor1','이것은 댓글 내용입니다. 더미 댓글 더미 댓글 더미 댓글 ','2024-10-24 13:38:20'),(4,16,'student1','이것은 댓글 내용입니다. 더미 댓글 더미 댓글 더미 댓글 ','2024-10-24 13:38:20'),(5,16,'teacher_math1','이것은 댓글 내용입니다. 더미 댓글 더미 댓글 더미 댓글 ','2024-10-24 13:38:20'),(6,16,'teacher_math2','이것은 댓글 내용입니다. 더미 댓글 더미 댓글 더미 댓글 ','2024-10-24 13:38:20'),(7,39,'teacher_eng2','이것은 댓글 내용입니다. 더미 댓글 더미 댓글 더미 댓글 ','2024-10-24 13:38:20'),(8,39,'teacher_math2','이것은 댓글 내용입니다. 더미 댓글 더미 댓글 더미 댓글 ','2024-10-24 13:38:20'),(9,39,'teacher_kor2','이것은 댓글 내용입니다. 더미 댓글 더미 댓글 더미 댓글 ','2024-10-24 13:38:20'),(10,47,'teacher_soc1','이것은 댓글 내용입니다. 더미 댓글 더미 댓글 더미 댓글 ','2024-10-24 13:38:20'),(11,47,'student1','이것은 댓글 내용입니다. 더미 댓글 더미 댓글 더미 댓글 ','2024-10-24 13:38:20'),(12,47,'teacher_eng1','이것은 댓글 내용입니다. 더미 댓글 더미 댓글 더미 댓글 ','2024-10-24 13:38:20'),(13,52,'student3','이것은 댓글 내용입니다. 더미 댓글 더미 댓글 더미 댓글 ','2024-10-24 13:38:20'),(14,52,'teacher_sci2','이것은 댓글 내용입니다. 더미 댓글 더미 댓글 더미 댓글 ','2024-10-24 13:38:20'),(15,52,'student1','이것은 댓글 내용입니다. 더미 댓글 더미 댓글 더미 댓글 ','2024-10-24 13:38:20'),(16,54,'student5','이것은 댓글 내용입니다. 더미 댓글 더미 댓글 더미 댓글 ','2024-10-24 13:38:20'),(18,54,'student3','이것은 댓글 내용입니다. 더미 댓글 더미 댓글 더미 댓글 ','2024-10-24 13:38:20'),(20,75,'student2','이것은 댓글 내용입니다. 더미 댓글 더미 댓글 더미 댓글 ','2024-10-24 13:38:20'),(21,75,'student3','이것은 댓글 내용입니다. 더미 댓글 더미 댓글 더미 댓글 ','2024-10-24 13:38:20'),(22,3,'teacher_kor1','이것은 댓글 내용입니다. 더미 댓글 더미 댓글 더미 댓글 ','2024-10-24 13:38:20'),(23,3,'student5','이것은 댓글 내용입니다. 더미 댓글 더미 댓글 더미 댓글 ','2024-10-24 13:38:20'),(24,3,'student3','이것은 댓글 내용입니다. 더미 댓글 더미 댓글 더미 댓글 ','2024-10-24 13:38:20'),(25,4,'student3','이것은 댓글 내용입니다. 더미 댓글 더미 댓글 더미 댓글 ','2024-10-24 13:38:20'),(26,4,'teacher_math1','이것은 댓글 내용입니다. 더미 댓글 더미 댓글 더미 댓글 ','2024-10-24 13:38:20'),(27,4,'student1','이것은 댓글 내용입니다. 더미 댓글 더미 댓글 더미 댓글 ','2024-10-24 13:38:20'),(28,9,'teacher_eng1','이것은 댓글 내용입니다. 더미 댓글 더미 댓글 더미 댓글 ','2024-10-24 13:38:20'),(30,9,'student5','이것은 댓글 내용입니다. 더미 댓글 더미 댓글 더미 댓글 ','2024-10-24 13:38:20'),(32,11,'teacher_math2','이것은 댓글 내용입니다. 더미 댓글 더미 댓글 더미 댓글 ','2024-10-24 13:38:20'),(33,11,'teacher_eng2','이것은 댓글 내용입니다. 더미 댓글 더미 댓글 더미 댓글 ','2024-10-24 13:38:20'),(34,31,'student2','이것은 댓글 내용입니다. 더미 댓글 더미 댓글 더미 댓글 ','2024-10-24 13:38:20'),(35,31,'student3','이것은 댓글 내용입니다. 더미 댓글 더미 댓글 더미 댓글 ','2024-10-24 13:38:20'),(37,34,'student1','이것은 댓글 내용입니다. 더미 댓글 더미 댓글 더미 댓글 ','2024-10-24 13:38:20'),(38,34,'teacher_soc1','이것은 댓글 내용입니다. 더미 댓글 더미 댓글 더미 댓글 ','2024-10-24 13:38:20'),(39,34,'student4','이것은 댓글 내용입니다. 더미 댓글 더미 댓글 더미 댓글 ','2024-10-24 13:38:20'),(40,36,'teacher_sci1','이것은 댓글 내용입니다. 더미 댓글 더미 댓글 더미 댓글 ','2024-10-24 13:38:20'),(41,36,'student5','이것은 댓글 내용입니다. 더미 댓글 더미 댓글 더미 댓글 ','2024-10-24 13:38:20'),(42,36,'student5','이것은 댓글 내용입니다. 더미 댓글 더미 댓글 더미 댓글 ','2024-10-24 13:38:20'),(43,37,'student4','이것은 댓글 내용입니다. 더미 댓글 더미 댓글 더미 댓글 ','2024-10-24 13:38:20'),(44,37,'student1','이것은 댓글 내용입니다. 더미 댓글 더미 댓글 더미 댓글 ','2024-10-24 13:38:20'),(45,37,'student5','이것은 댓글 내용입니다. 더미 댓글 더미 댓글 더미 댓글 ','2024-10-24 13:38:20'),(46,67,'teacher_kor2','이것은 댓글 내용입니다. 더미 댓글 더미 댓글 더미 댓글 ','2024-10-24 13:38:20'),(47,67,'teacher_sci2','이것은 댓글 내용입니다. 더미 댓글 더미 댓글 더미 댓글 ','2024-10-24 13:38:20'),(48,67,'student2','이것은 댓글 내용입니다. 더미 댓글 더미 댓글 더미 댓글 ','2024-10-24 13:38:20'),(49,14,'teacher_eng1','이것은 댓글 내용입니다. 더미 댓글 더미 댓글 더미 댓글 ','2024-10-24 13:38:20'),(50,14,'teacher_eng1','이것은 댓글 내용입니다. 더미 댓글 더미 댓글 더미 댓글 ','2024-10-24 13:38:20'),(51,14,'teacher_sci1','이것은 댓글 내용입니다. 더미 댓글 더미 댓글 더미 댓글 ','2024-10-24 13:38:20'),(52,17,'teacher_sci1','이것은 댓글 내용입니다. 더미 댓글 더미 댓글 더미 댓글 ','2024-10-24 13:38:20'),(54,17,'teacher_eng1','이것은 댓글 내용입니다. 더미 댓글 더미 댓글 더미 댓글 ','2024-10-24 13:38:20'),(55,25,'teacher_math1','이것은 댓글 내용입니다. 더미 댓글 더미 댓글 더미 댓글 ','2024-10-24 13:38:20'),(57,25,'teacher_eng2','이것은 댓글 내용입니다. 더미 댓글 더미 댓글 더미 댓글 ','2024-10-24 13:38:20'),(58,60,'teacher_kor1','이것은 댓글 내용입니다. 더미 댓글 더미 댓글 더미 댓글 ','2024-10-24 13:38:20'),(59,60,'teacher_soc1','이것은 댓글 내용입니다. 더미 댓글 더미 댓글 더미 댓글 ','2024-10-24 13:38:20'),(61,35,'teacher_math1','이것은 댓글 내용입니다. 더미 댓글 더미 댓글 더미 댓글 ','2024-10-24 13:38:20'),(62,35,'teacher_eng2','이것은 댓글 내용입니다. 더미 댓글 더미 댓글 더미 댓글 ','2024-10-24 13:38:20'),(63,35,'teacher_kor1','이것은 댓글 내용입니다. 더미 댓글 더미 댓글 더미 댓글 ','2024-10-24 13:38:20'),(64,41,'teacher_math1','이것은 댓글 내용입니다. 더미 댓글 더미 댓글 더미 댓글 ','2024-10-24 13:38:20'),(65,41,'teacher_sci1','이것은 댓글 내용입니다. 더미 댓글 더미 댓글 더미 댓글 ','2024-10-24 13:38:20'),(66,41,'teacher_kor2','이것은 댓글 내용입니다. 더미 댓글 더미 댓글 더미 댓글 ','2024-10-24 13:38:20'),(67,64,'teacher_sci2','이것은 댓글 내용입니다. 더미 댓글 더미 댓글 더미 댓글 ','2024-10-24 13:38:20'),(68,64,'teacher_eng2','이것은 댓글 내용입니다. 더미 댓글 더미 댓글 더미 댓글 ','2024-10-24 13:38:20'),(69,64,'teacher_eng2','이것은 댓글 내용입니다. 더미 댓글 더미 댓글 더미 댓글 ','2024-10-24 13:38:20'),(71,68,'teacher_kor2','이것은 댓글 내용입니다. 더미 댓글 더미 댓글 더미 댓글 ','2024-10-24 13:38:20'),(73,69,'student2','이것은 댓글 내용입니다. 더미 댓글 더미 댓글 더미 댓글 ','2024-10-24 13:38:20'),(75,69,'student1','이것은 댓글 내용입니다. 더미 댓글 더미 댓글 더미 댓글 ','2024-10-24 13:38:20'),(76,7,'teacher_sci2','이것은 댓글 내용입니다. 더미 댓글 더미 댓글 더미 댓글 ','2024-10-24 13:38:20'),(77,7,'student2','이것은 댓글 내용입니다. 더미 댓글 더미 댓글 더미 댓글 ','2024-10-24 13:38:20'),(78,7,'teacher_sci2','이것은 댓글 내용입니다. 더미 댓글 더미 댓글 더미 댓글 ','2024-10-24 13:38:20'),(79,10,'student4','이것은 댓글 내용입니다. 더미 댓글 더미 댓글 더미 댓글 ','2024-10-24 13:38:20'),(80,10,'teacher_sci2','이것은 댓글 내용입니다. 더미 댓글 더미 댓글 더미 댓글 ','2024-10-24 13:38:20'),(81,10,'teacher_math1','이것은 댓글 내용입니다. 더미 댓글 더미 댓글 더미 댓글 ','2024-10-24 13:38:20'),(82,38,'student1','이것은 댓글 내용입니다. 더미 댓글 더미 댓글 더미 댓글 ','2024-10-24 13:38:20'),(83,38,'student2','이것은 댓글 내용입니다. 더미 댓글 더미 댓글 더미 댓글 ','2024-10-24 13:38:20'),(84,38,'teacher_sci1','이것은 댓글 내용입니다. 더미 댓글 더미 댓글 더미 댓글 ','2024-10-24 13:38:20'),(85,49,'teacher_sci2','이것은 댓글 내용입니다. 더미 댓글 더미 댓글 더미 댓글 ','2024-10-24 13:38:20'),(87,49,'teacher_eng1','이것은 댓글 내용입니다. 더미 댓글 더미 댓글 더미 댓글 ','2024-10-24 13:38:20'),(88,56,'teacher_eng2','이것은 댓글 내용입니다. 더미 댓글 더미 댓글 더미 댓글 ','2024-10-24 13:38:20'),(89,56,'teacher_kor1','이것은 댓글 내용입니다. 더미 댓글 더미 댓글 더미 댓글 ','2024-10-24 13:38:20'),(90,56,'teacher_eng2','이것은 댓글 내용입니다. 더미 댓글 더미 댓글 더미 댓글 ','2024-10-24 13:38:20'),(91,2,'teacher_soc2','이것은 댓글 내용입니다. 더미 댓글 더미 댓글 더미 댓글 ','2024-10-24 13:38:20'),(92,2,'teacher_soc2','이것은 댓글 내용입니다. 더미 댓글 더미 댓글 더미 댓글 ','2024-10-24 13:38:20'),(93,2,'student2','이것은 댓글 내용입니다. 더미 댓글 더미 댓글 더미 댓글 ','2024-10-24 13:38:20'),(94,45,'student5','이것은 댓글 내용입니다. 더미 댓글 더미 댓글 더미 댓글 ','2024-10-24 13:38:20'),(95,45,'teacher_eng1','이것은 댓글 내용입니다. 더미 댓글 더미 댓글 더미 댓글 ','2024-10-24 13:38:20'),(97,59,'teacher_soc2','이것은 댓글 내용입니다. 더미 댓글 더미 댓글 더미 댓글 ','2024-10-24 13:38:20'),(98,59,'teacher_sci1','이것은 댓글 내용입니다. 더미 댓글 더미 댓글 더미 댓글 ','2024-10-24 13:38:20'),(99,59,'teacher_eng2','이것은 댓글 내용입니다. 더미 댓글 더미 댓글 더미 댓글 ','2024-10-24 13:38:20'),(101,65,'teacher_kor1','이것은 댓글 내용입니다. 더미 댓글 더미 댓글 더미 댓글 ','2024-10-24 13:38:20'),(102,65,'teacher_sci2','이것은 댓글 내용입니다. 더미 댓글 더미 댓글 더미 댓글 ','2024-10-24 13:38:20'),(103,71,'teacher_math2','이것은 댓글 내용입니다. 더미 댓글 더미 댓글 더미 댓글 ','2024-10-24 13:38:20'),(104,71,'teacher_sci1','이것은 댓글 내용입니다. 더미 댓글 더미 댓글 더미 댓글 ','2024-10-24 13:38:20'),(106,20,'teacher_eng2','이것은 댓글 내용입니다. 더미 댓글 더미 댓글 더미 댓글 ','2024-10-24 13:38:20'),(107,20,'teacher_sci1','이것은 댓글 내용입니다. 더미 댓글 더미 댓글 더미 댓글 ','2024-10-24 13:38:20'),(108,20,'teacher_kor1','이것은 댓글 내용입니다. 더미 댓글 더미 댓글 더미 댓글 ','2024-10-24 13:38:20'),(109,27,'teacher_sci2','이것은 댓글 내용입니다. 더미 댓글 더미 댓글 더미 댓글 ','2024-10-24 13:38:20'),(110,27,'teacher_soc2','이것은 댓글 내용입니다. 더미 댓글 더미 댓글 더미 댓글 ','2024-10-24 13:38:20'),(111,27,'teacher_soc2','이것은 댓글 내용입니다. 더미 댓글 더미 댓글 더미 댓글 ','2024-10-24 13:38:20'),(112,28,'teacher_soc1','이것은 댓글 내용입니다. 더미 댓글 더미 댓글 더미 댓글 ','2024-10-24 13:38:20'),(113,28,'student3','이것은 댓글 내용입니다. 더미 댓글 더미 댓글 더미 댓글 ','2024-10-24 13:38:20'),(114,28,'teacher_sci2','이것은 댓글 내용입니다. 더미 댓글 더미 댓글 더미 댓글 ','2024-10-24 13:38:20'),(115,42,'teacher_math1','이것은 댓글 내용입니다. 더미 댓글 더미 댓글 더미 댓글 ','2024-10-24 13:38:20'),(116,42,'student3','이것은 댓글 내용입니다. 더미 댓글 더미 댓글 더미 댓글 ','2024-10-24 13:38:20'),(117,42,'teacher_sci1','이것은 댓글 내용입니다. 더미 댓글 더미 댓글 더미 댓글 ','2024-10-24 13:38:20'),(118,50,'student5','이것은 댓글 내용입니다. 더미 댓글 더미 댓글 더미 댓글 ','2024-10-24 13:38:20'),(119,50,'teacher_soc2','이것은 댓글 내용입니다. 더미 댓글 더미 댓글 더미 댓글 ','2024-10-24 13:38:20'),(120,50,'teacher_eng1','이것은 댓글 내용입니다. 더미 댓글 더미 댓글 더미 댓글 ','2024-10-24 13:38:20'),(121,53,'teacher_math2','이것은 댓글 내용입니다. 더미 댓글 더미 댓글 더미 댓글 ','2024-10-24 13:38:20'),(122,53,'teacher_sci1','이것은 댓글 내용입니다. 더미 댓글 더미 댓글 더미 댓글 ','2024-10-24 13:38:20'),(123,53,'teacher_math1','이것은 댓글 내용입니다. 더미 댓글 더미 댓글 더미 댓글 ','2024-10-24 13:38:20'),(124,26,'student5','이것은 댓글 내용입니다. 더미 댓글 더미 댓글 더미 댓글 ','2024-10-24 13:38:20'),(125,26,'student4','이것은 댓글 내용입니다. 더미 댓글 더미 댓글 더미 댓글 ','2024-10-24 13:38:20'),(126,26,'teacher_math2','이것은 댓글 내용입니다. 더미 댓글 더미 댓글 더미 댓글 ','2024-10-24 13:38:20'),(127,40,'student2','이것은 댓글 내용입니다. 더미 댓글 더미 댓글 더미 댓글 ','2024-10-24 13:38:20'),(128,40,'teacher_sci2','이것은 댓글 내용입니다. 더미 댓글 더미 댓글 더미 댓글 ','2024-10-24 13:38:20'),(129,40,'teacher_soc2','이것은 댓글 내용입니다. 더미 댓글 더미 댓글 더미 댓글 ','2024-10-24 13:38:20'),(130,44,'teacher_soc1','이것은 댓글 내용입니다. 더미 댓글 더미 댓글 더미 댓글 ','2024-10-24 13:38:20'),(131,44,'teacher_sci1','이것은 댓글 내용입니다. 더미 댓글 더미 댓글 더미 댓글 ','2024-10-24 13:38:20'),(132,44,'teacher_soc1','이것은 댓글 내용입니다. 더미 댓글 더미 댓글 더미 댓글 ','2024-10-24 13:38:20'),(133,29,'teacher_eng2','이것은 댓글 내용입니다. 더미 댓글 더미 댓글 더미 댓글 ','2024-10-24 13:38:20'),(134,29,'student5','이것은 댓글 내용입니다. 더미 댓글 더미 댓글 더미 댓글 ','2024-10-24 13:38:20'),(135,29,'teacher_eng2','이것은 댓글 내용입니다. 더미 댓글 더미 댓글 더미 댓글 ','2024-10-24 13:38:20'),(136,74,'teacher_kor2','이것은 댓글 내용입니다. 더미 댓글 더미 댓글 더미 댓글 ','2024-10-24 13:38:20'),(138,74,'teacher_soc1','이것은 댓글 내용입니다. 더미 댓글 더미 댓글 더미 댓글 ','2024-10-24 13:38:20'),(139,46,'student4','이것은 댓글 내용입니다. 더미 댓글 더미 댓글 더미 댓글 ','2024-10-24 13:38:20'),(141,46,'teacher_sci2','이것은 댓글 내용입니다. 더미 댓글 더미 댓글 더미 댓글 ','2024-10-24 13:38:20'),(142,62,'teacher_math1','이것은 댓글 내용입니다. 더미 댓글 더미 댓글 더미 댓글 ','2024-10-24 13:38:20'),(143,62,'student2','이것은 댓글 내용입니다. 더미 댓글 더미 댓글 더미 댓글 ','2024-10-24 13:38:20'),(144,62,'teacher_math1','이것은 댓글 내용입니다. 더미 댓글 더미 댓글 더미 댓글 ','2024-10-24 13:38:20'),(145,63,'teacher_eng2','이것은 댓글 내용입니다. 더미 댓글 더미 댓글 더미 댓글 ','2024-10-24 13:38:20'),(146,63,'student4','이것은 댓글 내용입니다. 더미 댓글 더미 댓글 더미 댓글 ','2024-10-24 13:38:20'),(147,63,'teacher_soc1','이것은 댓글 내용입니다. 더미 댓글 더미 댓글 더미 댓글 ','2024-10-24 13:38:20'),(148,5,'student5','이것은 댓글 내용입니다. 더미 댓글 더미 댓글 더미 댓글 ','2024-10-24 13:38:20'),(149,5,'teacher_sci1','이것은 댓글 내용입니다. 더미 댓글 더미 댓글 더미 댓글 ','2024-10-24 13:38:20'),(150,5,'teacher_soc1','이것은 댓글 내용입니다. 더미 댓글 더미 댓글 더미 댓글 ','2024-10-24 13:38:20'),(151,19,'teacher_soc2','이것은 댓글 내용입니다. 더미 댓글 더미 댓글 더미 댓글 ','2024-10-24 13:38:20'),(152,19,'teacher_math1','이것은 댓글 내용입니다. 더미 댓글 더미 댓글 더미 댓글 ','2024-10-24 13:38:20'),(153,19,'teacher_math1','이것은 댓글 내용입니다. 더미 댓글 더미 댓글 더미 댓글 ','2024-10-24 13:38:20'),(155,22,'student4','이것은 댓글 내용입니다. 더미 댓글 더미 댓글 더미 댓글 ','2024-10-24 13:38:20'),(157,24,'teacher_eng1','이것은 댓글 내용입니다. 더미 댓글 더미 댓글 더미 댓글 ','2024-10-24 13:38:20'),(159,24,'teacher_soc1','이것은 댓글 내용입니다. 더미 댓글 더미 댓글 더미 댓글 ','2024-10-24 13:38:20'),(160,33,'student3','이것은 댓글 내용입니다. 더미 댓글 더미 댓글 더미 댓글 ','2024-10-24 13:38:20'),(161,33,'teacher_eng2','이것은 댓글 내용입니다. 더미 댓글 더미 댓글 더미 댓글 ','2024-10-24 13:38:20'),(162,33,'teacher_soc1','이것은 댓글 내용입니다. 더미 댓글 더미 댓글 더미 댓글 ','2024-10-24 13:38:20'),(163,43,'teacher_kor2','이것은 댓글 내용입니다. 더미 댓글 더미 댓글 더미 댓글 ','2024-10-24 13:38:20'),(164,43,'student3','이것은 댓글 내용입니다. 더미 댓글 더미 댓글 더미 댓글 ','2024-10-24 13:38:20'),(165,43,'student1','이것은 댓글 내용입니다. 더미 댓글 더미 댓글 더미 댓글 ','2024-10-24 13:38:20'),(166,61,'teacher_sci1','이것은 댓글 내용입니다. 더미 댓글 더미 댓글 더미 댓글 ','2024-10-24 13:38:20'),(168,61,'student3','이것은 댓글 내용입니다. 더미 댓글 더미 댓글 더미 댓글 ','2024-10-24 13:38:20'),(169,72,'teacher_math2','이것은 댓글 내용입니다. 더미 댓글 더미 댓글 더미 댓글 ','2024-10-24 13:38:20'),(170,72,'teacher_math2','이것은 댓글 내용입니다. 더미 댓글 더미 댓글 더미 댓글 ','2024-10-24 13:38:20'),(171,72,'student5','이것은 댓글 내용입니다. 더미 댓글 더미 댓글 더미 댓글 ','2024-10-24 13:38:20'),(172,12,'teacher_kor2','이것은 댓글 내용입니다. 더미 댓글 더미 댓글 더미 댓글 ','2024-10-24 13:38:20'),(173,12,'teacher_soc2','이것은 댓글 내용입니다. 더미 댓글 더미 댓글 더미 댓글 ','2024-10-24 13:38:20'),(175,15,'student4','이것은 댓글 내용입니다. 더미 댓글 더미 댓글 더미 댓글 ','2024-10-24 13:38:20'),(176,15,'teacher_kor1','이것은 댓글 내용입니다. 더미 댓글 더미 댓글 더미 댓글 ','2024-10-24 13:38:20'),(177,15,'teacher_kor1','이것은 댓글 내용입니다. 더미 댓글 더미 댓글 더미 댓글 ','2024-10-24 13:38:20'),(178,18,'student4','이것은 댓글 내용입니다. 더미 댓글 더미 댓글 더미 댓글 ','2024-10-24 13:38:20'),(179,18,'student1','이것은 댓글 내용입니다. 더미 댓글 더미 댓글 더미 댓글 ','2024-10-24 13:38:20'),(180,18,'teacher_math2','이것은 댓글 내용입니다. 더미 댓글 더미 댓글 더미 댓글 ','2024-10-24 13:38:20'),(181,32,'teacher_soc1','이것은 댓글 내용입니다. 더미 댓글 더미 댓글 더미 댓글 ','2024-10-24 13:38:20'),(182,32,'student5','이것은 댓글 내용입니다. 더미 댓글 더미 댓글 더미 댓글 ','2024-10-24 13:38:20'),(183,32,'teacher_kor1','이것은 댓글 내용입니다. 더미 댓글 더미 댓글 더미 댓글 ','2024-10-24 13:38:20'),(184,57,'teacher_kor2','이것은 댓글 내용입니다. 더미 댓글 더미 댓글 더미 댓글 ','2024-10-24 13:38:20'),(186,57,'student5','이것은 댓글 내용입니다. 더미 댓글 더미 댓글 더미 댓글 ','2024-10-24 13:38:20'),(187,1,'teacher_math2','이것은 댓글 내용입니다. 더미 댓글 더미 댓글 더미 댓글 ','2024-10-24 13:38:20'),(188,1,'teacher_sci2','이것은 댓글 내용입니다. 더미 댓글 더미 댓글 더미 댓글 ','2024-10-24 13:38:20'),(189,1,'teacher_soc2','이것은 댓글 내용입니다. 더미 댓글 더미 댓글 더미 댓글 ','2024-10-24 13:38:20'),(190,8,'student1','이것은 댓글 내용입니다. 더미 댓글 더미 댓글 더미 댓글 ','2024-10-24 13:38:20'),(191,8,'student1','이것은 댓글 내용입니다. 더미 댓글 더미 댓글 더미 댓글 ','2024-10-24 13:38:20'),(192,8,'student1','이것은 댓글 내용입니다. 더미 댓글 더미 댓글 더미 댓글 ','2024-10-24 13:38:20'),(193,13,'teacher_eng2','이것은 댓글 내용입니다. 더미 댓글 더미 댓글 더미 댓글 ','2024-10-24 13:38:20'),(194,13,'student1','이것은 댓글 내용입니다. 더미 댓글 더미 댓글 더미 댓글 ','2024-10-24 13:38:20'),(195,13,'student4','이것은 댓글 내용입니다. 더미 댓글 더미 댓글 더미 댓글 ','2024-10-24 13:38:20'),(196,21,'teacher_eng2','이것은 댓글 내용입니다. 더미 댓글 더미 댓글 더미 댓글 ','2024-10-24 13:38:20'),(197,21,'student3','이것은 댓글 내용입니다. 더미 댓글 더미 댓글 더미 댓글 ','2024-10-24 13:38:20'),(198,21,'teacher_math2','이것은 댓글 내용입니다. 더미 댓글 더미 댓글 더미 댓글 ','2024-10-24 13:38:20'),(199,23,'student4','이것은 댓글 내용입니다. 더미 댓글 더미 댓글 더미 댓글 ','2024-10-24 13:38:20'),(200,23,'teacher_math2','이것은 댓글 내용입니다. 더미 댓글 더미 댓글 더미 댓글 ','2024-10-24 13:38:20'),(201,23,'teacher_kor2','이것은 댓글 내용입니다. 더미 댓글 더미 댓글 더미 댓글 ','2024-10-24 13:38:20'),(202,30,'student1','이것은 댓글 내용입니다. 더미 댓글 더미 댓글 더미 댓글 ','2024-10-24 13:38:20'),(203,30,'teacher_kor2','이것은 댓글 내용입니다. 더미 댓글 더미 댓글 더미 댓글 ','2024-10-24 13:38:20'),(204,30,'teacher_soc2','이것은 댓글 내용입니다. 더미 댓글 더미 댓글 더미 댓글 ','2024-10-24 13:38:20'),(205,55,'student1','이것은 댓글 내용입니다. 더미 댓글 더미 댓글 더미 댓글 ','2024-10-24 13:38:20'),(206,55,'student4','이것은 댓글 내용입니다. 더미 댓글 더미 댓글 더미 댓글 ','2024-10-24 13:38:20'),(207,55,'teacher_soc1','이것은 댓글 내용입니다. 더미 댓글 더미 댓글 더미 댓글 ','2024-10-24 13:38:20'),(208,73,'student2','이것은 댓글 내용입니다. 더미 댓글 더미 댓글 더미 댓글 ','2024-10-24 13:38:20'),(209,73,'teacher_kor1','이것은 댓글 내용입니다. 더미 댓글 더미 댓글 더미 댓글 ','2024-10-24 13:38:20'),(210,73,'teacher_eng1','이것은 댓글 내용입니다. 더미 댓글 더미 댓글 더미 댓글 ','2024-10-24 13:38:20'),(211,48,'teacher_sci1','이것은 댓글 내용입니다. 더미 댓글 더미 댓글 더미 댓글 ','2024-10-24 13:38:20'),(212,48,'teacher_math2','이것은 댓글 내용입니다. 더미 댓글 더미 댓글 더미 댓글 ','2024-10-24 13:38:20'),(213,48,'teacher_soc2','이것은 댓글 내용입니다. 더미 댓글 더미 댓글 더미 댓글 ','2024-10-24 13:38:20'),(215,51,'student4','이것은 댓글 내용입니다. 더미 댓글 더미 댓글 더미 댓글 ','2024-10-24 13:38:20'),(217,58,'student5','이것은 댓글 내용입니다. 더미 댓글 더미 댓글 더미 댓글 ','2024-10-24 13:38:20'),(218,58,'teacher_sci1','이것은 댓글 내용입니다. 더미 댓글 더미 댓글 더미 댓글 ','2024-10-24 13:38:20'),(219,58,'student1','이것은 댓글 내용입니다. 더미 댓글 더미 댓글 더미 댓글 ','2024-10-24 13:38:20'),(220,66,'teacher_eng1','이것은 댓글 내용입니다. 더미 댓글 더미 댓글 더미 댓글 ','2024-10-24 13:38:20'),(221,66,'teacher_sci2','이것은 댓글 내용입니다. 더미 댓글 더미 댓글 더미 댓글 ','2024-10-24 13:38:20'),(222,66,'teacher_soc2','이것은 댓글 내용입니다. 더미 댓글 더미 댓글 더미 댓글 ','2024-10-24 13:38:20'),(223,70,'teacher_soc1','이것은 댓글 내용입니다. 더미 댓글 더미 댓글 더미 댓글 ','2024-10-24 13:38:20'),(224,70,'teacher_kor2','이것은 댓글 내용입니다. 더미 댓글 더미 댓글 더미 댓글 ','2024-10-24 13:38:20'),(225,70,'teacher_math1','이것은 댓글 내용입니다. 더미 댓글 더미 댓글 더미 댓글 ','2024-10-24 13:38:20');
/*!40000 ALTER TABLE `TBL_COMMENT` ENABLE KEYS */;
UNLOCK TABLES;

--
-- Table structure for table `TBL_FILE`
--

DROP TABLE IF EXISTS `TBL_FILE`;
/*!40101 SET @saved_cs_client     = @@character_set_client */;
/*!50503 SET character_set_client = utf8mb4 */;
CREATE TABLE `TBL_FILE` (
  `file_idx` int unsigned NOT NULL COMMENT '파일 아이디',
  `file_name` varchar(255) COLLATE utf8mb4_general_ci NOT NULL COMMENT '파일 이름',
  `file_size` bigint NOT NULL COMMENT '파일 사이즈',
  `file_path` varchar(255) COLLATE utf8mb4_general_ci NOT NULL COMMENT '파일 경로',
  `board_idx` int unsigned NOT NULL COMMENT '게시물 아이디',
  PRIMARY KEY (`file_idx`),
  KEY `fk_file_board` (`board_idx`),
  CONSTRAINT `fk_file_board` FOREIGN KEY (`board_idx`) REFERENCES `TBL_BOARD` (`board_idx`)
) ENGINE=InnoDB DEFAULT CHARSET=utf8mb4 COLLATE=utf8mb4_general_ci;
/*!40101 SET character_set_client = @saved_cs_client */;

--
-- Dumping data for table `TBL_FILE`
--

LOCK TABLES `TBL_FILE` WRITE;
/*!40000 ALTER TABLE `TBL_FILE` DISABLE KEYS */;
/*!40000 ALTER TABLE `TBL_FILE` ENABLE KEYS */;
UNLOCK TABLES;

--
-- Table structure for table `TBL_LECTURE`
--

DROP TABLE IF EXISTS `TBL_LECTURE`;
/*!40101 SET @saved_cs_client     = @@character_set_client */;
/*!50503 SET character_set_client = utf8mb4 */;
CREATE TABLE `TBL_LECTURE` (
  `lecture_code` varchar(50) COLLATE utf8mb4_general_ci NOT NULL COMMENT '강의 코드',
  `lecture_name` varchar(100) COLLATE utf8mb4_general_ci NOT NULL COMMENT '강의 이름',
  `lecture_price` int unsigned NOT NULL COMMENT '강의 가격',
  `lecture_regdate` datetime NOT NULL DEFAULT CURRENT_TIMESTAMP COMMENT '강의 등록일',
  `lecture_limit_date` datetime NOT NULL COMMENT '강의 제한일',
  `teacher_id` varchar(50) COLLATE utf8mb4_general_ci NOT NULL COMMENT '강의 선생님 아이디',
  PRIMARY KEY (`lecture_code`),
  KEY `fk_lecture_teacher` (`teacher_id`),
  CONSTRAINT `fk_lecture_teacher` FOREIGN KEY (`teacher_id`) REFERENCES `TBL_MEMBER` (`user_id`)
) ENGINE=InnoDB DEFAULT CHARSET=utf8mb4 COLLATE=utf8mb4_general_ci;
/*!40101 SET character_set_client = @saved_cs_client */;

--
-- Dumping data for table `TBL_LECTURE`
--

LOCK TABLES `TBL_LECTURE` WRITE;
/*!40000 ALTER TABLE `TBL_LECTURE` DISABLE KEYS */;
INSERT INTO `TBL_LECTURE` VALUES ('ENG001','중등 영어 문법',60000,'2024-10-24 13:33:24','2025-12-31 00:00:00','teacher_eng1'),('ENG002','토익 고득점 비법',70000,'2024-10-24 13:33:24','2025-12-31 00:00:00','teacher_eng1'),('ENG003','영어 회화 마스터',75000,'2024-10-24 13:33:24','2025-12-31 00:00:00','teacher_eng2'),('KOR001','고등 국어 기초',50000,'2024-10-24 13:33:24','2025-12-31 00:00:00','teacher_kor1'),('KOR002','수능 국어 마스터',80000,'2024-10-24 13:33:24','2025-12-31 00:00:00','teacher_kor1'),('KOR003','문학 작품 분석',70000,'2024-10-24 13:33:24','2025-12-31 00:00:00','teacher_kor2'),('MATH001','중학 수학 기초',55000,'2024-10-24 13:33:24','2025-12-31 00:00:00','teacher_math1'),('MATH002','수능 수학 실전',85000,'2024-10-24 13:33:24','2025-12-31 00:00:00','teacher_math1'),('MATH003','고등 수학 심화',90000,'2024-10-24 13:33:24','2025-12-31 00:00:00','teacher_math2'),('SCI001','중등 과학 종합',65000,'2024-10-24 13:33:24','2025-12-31 00:00:00','teacher_sci1'),('SCI002','고등 물리 심화',75000,'2024-10-24 13:33:24','2025-12-31 00:00:00','teacher_sci1'),('SCI003','생명과학 집중 강의',80000,'2024-10-24 13:33:24','2025-12-31 00:00:00','teacher_sci2'),('SOC001','한국사 핵심 정리',55000,'2024-10-24 13:33:24','2025-12-31 00:00:00','teacher_soc1'),('SOC002','세계사 주요 사건',65000,'2024-10-24 13:33:24','2025-12-31 00:00:00','teacher_soc1'),('SOC003','사회문화 개념 정리',60000,'2024-10-24 13:33:24','2025-12-31 00:00:00','teacher_soc2');
/*!40000 ALTER TABLE `TBL_LECTURE` ENABLE KEYS */;
UNLOCK TABLES;

--
-- Table structure for table `TBL_LECTURE_DETAIL`
--

DROP TABLE IF EXISTS `TBL_LECTURE_DETAIL`;
/*!40101 SET @saved_cs_client     = @@character_set_client */;
/*!50503 SET character_set_client = utf8mb4 */;
CREATE TABLE `TBL_LECTURE_DETAIL` (
  `lecture_detail_idx` int NOT NULL AUTO_INCREMENT COMMENT '강의 상세 아이디',
  `lecture_code` varchar(50) COLLATE utf8mb4_general_ci NOT NULL COMMENT '강의 코드',
  `lecture_detail_content` text COLLATE utf8mb4_general_ci NOT NULL COMMENT '강의 상세 내용',
  `lecture_detail_file_path` varchar(200) COLLATE utf8mb4_general_ci NOT NULL COMMENT '강의 상세 파일 경로',
  `lecture_detail_file_name` varchar(255) COLLATE utf8mb4_general_ci NOT NULL COMMENT '강의 상세 파일 이름',
  `lecture_detail_file_size` bigint NOT NULL COMMENT '강의 상세 파일 사이즈',
  PRIMARY KEY (`lecture_detail_idx`),
  KEY `fk_lecture_detail_lecture` (`lecture_code`),
  CONSTRAINT `fk_lecture_detail_lecture` FOREIGN KEY (`lecture_code`) REFERENCES `TBL_LECTURE` (`lecture_code`)
) ENGINE=InnoDB AUTO_INCREMENT=256 DEFAULT CHARSET=utf8mb4 COLLATE=utf8mb4_general_ci;
/*!40101 SET character_set_client = @saved_cs_client */;

--
-- Dumping data for table `TBL_LECTURE_DETAIL`
--

LOCK TABLES `TBL_LECTURE_DETAIL` WRITE;
/*!40000 ALTER TABLE `TBL_LECTURE_DETAIL` DISABLE KEYS */;
INSERT INTO `TBL_LECTURE_DETAIL` VALUES (1,'ENG001','중등 영어 문법 - 영어 10강','/lectures/eng/eng_lecture_10.mp4','eng_lecture_10.mp4',1561517060),(2,'ENG001','중등 영어 문법 - 영어 9강','/lectures/eng/eng_lecture_9.mp4','eng_lecture_9.mp4',1191011481),(3,'ENG001','중등 영어 문법 - 영어 8강','/lectures/eng/eng_lecture_8.mp4','eng_lecture_8.mp4',770506270),(4,'ENG001','중등 영어 문법 - 영어 7강','/lectures/eng/eng_lecture_7.mp4','eng_lecture_7.mp4',1279496957),(5,'ENG001','중등 영어 문법 - 영어 6강','/lectures/eng/eng_lecture_6.mp4','eng_lecture_6.mp4',585966019),(6,'ENG001','중등 영어 문법 - 영어 5강','/lectures/eng/eng_lecture_5.mp4','eng_lecture_5.mp4',1591339273),(7,'ENG001','중등 영어 문법 - 영어 4강','/lectures/eng/eng_lecture_4.mp4','eng_lecture_4.mp4',1198798355),(8,'ENG001','중등 영어 문법 - 영어 3강','/lectures/eng/eng_lecture_3.mp4','eng_lecture_3.mp4',719974003),(9,'ENG001','중등 영어 문법 - 영어 2강','/lectures/eng/eng_lecture_2.mp4','eng_lecture_2.mp4',1003474995),(10,'ENG001','중등 영어 문법 - 영어 1강','/lectures/eng/eng_lecture_1.mp4','eng_lecture_1.mp4',857453015),(11,'ENG002','토익 고득점 비법 - 영어 10강','/lectures/eng/eng_lecture_10.mp4','eng_lecture_10.mp4',776840135),(12,'ENG002','토익 고득점 비법 - 영어 9강','/lectures/eng/eng_lecture_9.mp4','eng_lecture_9.mp4',811841678),(13,'ENG002','토익 고득점 비법 - 영어 8강','/lectures/eng/eng_lecture_8.mp4','eng_lecture_8.mp4',1228688029),(14,'ENG002','토익 고득점 비법 - 영어 7강','/lectures/eng/eng_lecture_7.mp4','eng_lecture_7.mp4',1707915160),(15,'ENG002','토익 고득점 비법 - 영어 6강','/lectures/eng/eng_lecture_6.mp4','eng_lecture_6.mp4',1353511759),(16,'ENG002','토익 고득점 비법 - 영어 5강','/lectures/eng/eng_lecture_5.mp4','eng_lecture_5.mp4',1143813361),(17,'ENG002','토익 고득점 비법 - 영어 4강','/lectures/eng/eng_lecture_4.mp4','eng_lecture_4.mp4',1158531575),(18,'ENG002','토익 고득점 비법 - 영어 3강','/lectures/eng/eng_lecture_3.mp4','eng_lecture_3.mp4',1861217839),(19,'ENG002','토익 고득점 비법 - 영어 2강','/lectures/eng/eng_lecture_2.mp4','eng_lecture_2.mp4',830494516),(20,'ENG002','토익 고득점 비법 - 영어 1강','/lectures/eng/eng_lecture_1.mp4','eng_lecture_1.mp4',1068819111),(21,'ENG003','영어 회화 마스터 - 영어 10강','/lectures/eng/eng_lecture_10.mp4','eng_lecture_10.mp4',852612054),(22,'ENG003','영어 회화 마스터 - 영어 9강','/lectures/eng/eng_lecture_9.mp4','eng_lecture_9.mp4',556602982),(23,'ENG003','영어 회화 마스터 - 영어 8강','/lectures/eng/eng_lecture_8.mp4','eng_lecture_8.mp4',1225178795),(24,'ENG003','영어 회화 마스터 - 영어 7강','/lectures/eng/eng_lecture_7.mp4','eng_lecture_7.mp4',956085074),(25,'ENG003','영어 회화 마스터 - 영어 6강','/lectures/eng/eng_lecture_6.mp4','eng_lecture_6.mp4',604889033),(26,'ENG003','영어 회화 마스터 - 영어 5강','/lectures/eng/eng_lecture_5.mp4','eng_lecture_5.mp4',1156189991),(27,'ENG003','영어 회화 마스터 - 영어 4강','/lectures/eng/eng_lecture_4.mp4','eng_lecture_4.mp4',1966282903),(28,'ENG003','영어 회화 마스터 - 영어 3강','/lectures/eng/eng_lecture_3.mp4','eng_lecture_3.mp4',1362844586),(29,'ENG003','영어 회화 마스터 - 영어 2강','/lectures/eng/eng_lecture_2.mp4','eng_lecture_2.mp4',1915374270),(30,'ENG003','영어 회화 마스터 - 영어 1강','/lectures/eng/eng_lecture_1.mp4','eng_lecture_1.mp4',1988337636),(31,'KOR001','고등 국어 기초 - 국어 10강','/lectures/kor/kor_lecture_10.mp4','kor_lecture_10.mp4',695565418),(32,'KOR001','고등 국어 기초 - 국어 9강','/lectures/kor/kor_lecture_9.mp4','kor_lecture_9.mp4',1512814227),(33,'KOR001','고등 국어 기초 - 국어 8강','/lectures/kor/kor_lecture_8.mp4','kor_lecture_8.mp4',1977374927),(34,'KOR001','고등 국어 기초 - 국어 7강','/lectures/kor/kor_lecture_7.mp4','kor_lecture_7.mp4',1848432000),(35,'KOR001','고등 국어 기초 - 국어 6강','/lectures/kor/kor_lecture_6.mp4','kor_lecture_6.mp4',1310035267),(36,'KOR001','고등 국어 기초 - 국어 5강','/lectures/kor/kor_lecture_5.mp4','kor_lecture_5.mp4',504880382),(37,'KOR001','고등 국어 기초 - 국어 4강','/lectures/kor/kor_lecture_4.mp4','kor_lecture_4.mp4',1094296156),(38,'KOR001','고등 국어 기초 - 국어 3강','/lectures/kor/kor_lecture_3.mp4','kor_lecture_3.mp4',1956839680),(39,'KOR001','고등 국어 기초 - 국어 2강','/lectures/kor/kor_lecture_2.mp4','kor_lecture_2.mp4',1501309979),(40,'KOR001','고등 국어 기초 - 국어 1강','/lectures/kor/kor_lecture_1.mp4','kor_lecture_1.mp4',1136030902),(41,'KOR002','수능 국어 마스터 - 국어 10강','/lectures/kor/kor_lecture_10.mp4','kor_lecture_10.mp4',676224620),(42,'KOR002','수능 국어 마스터 - 국어 9강','/lectures/kor/kor_lecture_9.mp4','kor_lecture_9.mp4',973030441),(43,'KOR002','수능 국어 마스터 - 국어 8강','/lectures/kor/kor_lecture_8.mp4','kor_lecture_8.mp4',836478391),(44,'KOR002','수능 국어 마스터 - 국어 7강','/lectures/kor/kor_lecture_7.mp4','kor_lecture_7.mp4',763300677),(45,'KOR002','수능 국어 마스터 - 국어 6강','/lectures/kor/kor_lecture_6.mp4','kor_lecture_6.mp4',807068258),(46,'KOR002','수능 국어 마스터 - 국어 5강','/lectures/kor/kor_lecture_5.mp4','kor_lecture_5.mp4',1245439306),(47,'KOR002','수능 국어 마스터 - 국어 4강','/lectures/kor/kor_lecture_4.mp4','kor_lecture_4.mp4',1805991804),(48,'KOR002','수능 국어 마스터 - 국어 3강','/lectures/kor/kor_lecture_3.mp4','kor_lecture_3.mp4',1793641146),(49,'KOR002','수능 국어 마스터 - 국어 2강','/lectures/kor/kor_lecture_2.mp4','kor_lecture_2.mp4',1550230366),(50,'KOR002','수능 국어 마스터 - 국어 1강','/lectures/kor/kor_lecture_1.mp4','kor_lecture_1.mp4',1870228439),(51,'KOR003','문학 작품 분석 - 국어 10강','/lectures/kor/kor_lecture_10.mp4','kor_lecture_10.mp4',1200451145),(52,'KOR003','문학 작품 분석 - 국어 9강','/lectures/kor/kor_lecture_9.mp4','kor_lecture_9.mp4',1391570454),(53,'KOR003','문학 작품 분석 - 국어 8강','/lectures/kor/kor_lecture_8.mp4','kor_lecture_8.mp4',1356498881),(54,'KOR003','문학 작품 분석 - 국어 7강','/lectures/kor/kor_lecture_7.mp4','kor_lecture_7.mp4',607783088),(55,'KOR003','문학 작품 분석 - 국어 6강','/lectures/kor/kor_lecture_6.mp4','kor_lecture_6.mp4',1469418845),(56,'KOR003','문학 작품 분석 - 국어 5강','/lectures/kor/kor_lecture_5.mp4','kor_lecture_5.mp4',523745008),(57,'KOR003','문학 작품 분석 - 국어 4강','/lectures/kor/kor_lecture_4.mp4','kor_lecture_4.mp4',710468550),(58,'KOR003','문학 작품 분석 - 국어 3강','/lectures/kor/kor_lecture_3.mp4','kor_lecture_3.mp4',1481107775),(59,'KOR003','문학 작품 분석 - 국어 2강','/lectures/kor/kor_lecture_2.mp4','kor_lecture_2.mp4',1774133271),(60,'KOR003','문학 작품 분석 - 국어 1강','/lectures/kor/kor_lecture_1.mp4','kor_lecture_1.mp4',927343076),(61,'MATH001','중학 수학 기초 - 수학 10강','/lectures/mat/mat_lecture_10.mp4','mat_lecture_10.mp4',1814315612),(62,'MATH001','중학 수학 기초 - 수학 9강','/lectures/mat/mat_lecture_9.mp4','mat_lecture_9.mp4',1289548879),(63,'MATH001','중학 수학 기초 - 수학 8강','/lectures/mat/mat_lecture_8.mp4','mat_lecture_8.mp4',504797605),(64,'MATH001','중학 수학 기초 - 수학 7강','/lectures/mat/mat_lecture_7.mp4','mat_lecture_7.mp4',1155341437),(65,'MATH001','중학 수학 기초 - 수학 6강','/lectures/mat/mat_lecture_6.mp4','mat_lecture_6.mp4',762314414),(66,'MATH001','중학 수학 기초 - 수학 5강','/lectures/mat/mat_lecture_5.mp4','mat_lecture_5.mp4',1345547808),(67,'MATH001','중학 수학 기초 - 수학 4강','/lectures/mat/mat_lecture_4.mp4','mat_lecture_4.mp4',940795844),(68,'MATH001','중학 수학 기초 - 수학 3강','/lectures/mat/mat_lecture_3.mp4','mat_lecture_3.mp4',1667335844),(69,'MATH001','중학 수학 기초 - 수학 2강','/lectures/mat/mat_lecture_2.mp4','mat_lecture_2.mp4',514291733),(70,'MATH001','중학 수학 기초 - 수학 1강','/lectures/mat/mat_lecture_1.mp4','mat_lecture_1.mp4',1569451178),(71,'MATH002','수능 수학 실전 - 수학 10강','/lectures/mat/mat_lecture_10.mp4','mat_lecture_10.mp4',1304380739),(72,'MATH002','수능 수학 실전 - 수학 9강','/lectures/mat/mat_lecture_9.mp4','mat_lecture_9.mp4',1313550207),(73,'MATH002','수능 수학 실전 - 수학 8강','/lectures/mat/mat_lecture_8.mp4','mat_lecture_8.mp4',654608865),(74,'MATH002','수능 수학 실전 - 수학 7강','/lectures/mat/mat_lecture_7.mp4','mat_lecture_7.mp4',1832393752),(75,'MATH002','수능 수학 실전 - 수학 6강','/lectures/mat/mat_lecture_6.mp4','mat_lecture_6.mp4',698142212),(76,'MATH002','수능 수학 실전 - 수학 5강','/lectures/mat/mat_lecture_5.mp4','mat_lecture_5.mp4',1993529848),(77,'MATH002','수능 수학 실전 - 수학 4강','/lectures/mat/mat_lecture_4.mp4','mat_lecture_4.mp4',1373222651),(78,'MATH002','수능 수학 실전 - 수학 3강','/lectures/mat/mat_lecture_3.mp4','mat_lecture_3.mp4',1885523757),(79,'MATH002','수능 수학 실전 - 수학 2강','/lectures/mat/mat_lecture_2.mp4','mat_lecture_2.mp4',1807950881),(80,'MATH002','수능 수학 실전 - 수학 1강','/lectures/mat/mat_lecture_1.mp4','mat_lecture_1.mp4',1383183178),(81,'MATH003','고등 수학 심화 - 수학 10강','/lectures/mat/mat_lecture_10.mp4','mat_lecture_10.mp4',992063294),(82,'MATH003','고등 수학 심화 - 수학 9강','/lectures/mat/mat_lecture_9.mp4','mat_lecture_9.mp4',1810766984),(83,'MATH003','고등 수학 심화 - 수학 8강','/lectures/mat/mat_lecture_8.mp4','mat_lecture_8.mp4',1077645082),(84,'MATH003','고등 수학 심화 - 수학 7강','/lectures/mat/mat_lecture_7.mp4','mat_lecture_7.mp4',955924506),(85,'MATH003','고등 수학 심화 - 수학 6강','/lectures/mat/mat_lecture_6.mp4','mat_lecture_6.mp4',1046687332),(86,'MATH003','고등 수학 심화 - 수학 5강','/lectures/mat/mat_lecture_5.mp4','mat_lecture_5.mp4',1865663186),(87,'MATH003','고등 수학 심화 - 수학 4강','/lectures/mat/mat_lecture_4.mp4','mat_lecture_4.mp4',1188253980),(88,'MATH003','고등 수학 심화 - 수학 3강','/lectures/mat/mat_lecture_3.mp4','mat_lecture_3.mp4',1344280389),(89,'MATH003','고등 수학 심화 - 수학 2강','/lectures/mat/mat_lecture_2.mp4','mat_lecture_2.mp4',1156640052),(90,'MATH003','고등 수학 심화 - 수학 1강','/lectures/mat/mat_lecture_1.mp4','mat_lecture_1.mp4',1250359140),(91,'SCI001','중등 과학 종합 - 과학 10강','/lectures/sci/sci_lecture_10.mp4','sci_lecture_10.mp4',781875589),(92,'SCI001','중등 과학 종합 - 과학 9강','/lectures/sci/sci_lecture_9.mp4','sci_lecture_9.mp4',1158300571),(93,'SCI001','중등 과학 종합 - 과학 8강','/lectures/sci/sci_lecture_8.mp4','sci_lecture_8.mp4',1445876137),(94,'SCI001','중등 과학 종합 - 과학 7강','/lectures/sci/sci_lecture_7.mp4','sci_lecture_7.mp4',1754479017),(95,'SCI001','중등 과학 종합 - 과학 6강','/lectures/sci/sci_lecture_6.mp4','sci_lecture_6.mp4',934766720),(96,'SCI001','중등 과학 종합 - 과학 5강','/lectures/sci/sci_lecture_5.mp4','sci_lecture_5.mp4',1910396598),(97,'SCI001','중등 과학 종합 - 과학 4강','/lectures/sci/sci_lecture_4.mp4','sci_lecture_4.mp4',1747682876),(98,'SCI001','중등 과학 종합 - 과학 3강','/lectures/sci/sci_lecture_3.mp4','sci_lecture_3.mp4',1007224633),(99,'SCI001','중등 과학 종합 - 과학 2강','/lectures/sci/sci_lecture_2.mp4','sci_lecture_2.mp4',793074582),(100,'SCI001','중등 과학 종합 - 과학 1강','/lectures/sci/sci_lecture_1.mp4','sci_lecture_1.mp4',1943699060),(101,'SCI002','고등 물리 심화 - 과학 10강','/lectures/sci/sci_lecture_10.mp4','sci_lecture_10.mp4',839271601),(102,'SCI002','고등 물리 심화 - 과학 9강','/lectures/sci/sci_lecture_9.mp4','sci_lecture_9.mp4',865260871),(103,'SCI002','고등 물리 심화 - 과학 8강','/lectures/sci/sci_lecture_8.mp4','sci_lecture_8.mp4',1308489598),(104,'SCI002','고등 물리 심화 - 과학 7강','/lectures/sci/sci_lecture_7.mp4','sci_lecture_7.mp4',1946665424),(105,'SCI002','고등 물리 심화 - 과학 6강','/lectures/sci/sci_lecture_6.mp4','sci_lecture_6.mp4',807858374),(106,'SCI002','고등 물리 심화 - 과학 5강','/lectures/sci/sci_lecture_5.mp4','sci_lecture_5.mp4',699295642),(107,'SCI002','고등 물리 심화 - 과학 4강','/lectures/sci/sci_lecture_4.mp4','sci_lecture_4.mp4',572903138),(108,'SCI002','고등 물리 심화 - 과학 3강','/lectures/sci/sci_lecture_3.mp4','sci_lecture_3.mp4',1766628808),(109,'SCI002','고등 물리 심화 - 과학 2강','/lectures/sci/sci_lecture_2.mp4','sci_lecture_2.mp4',614434672),(110,'SCI002','고등 물리 심화 - 과학 1강','/lectures/sci/sci_lecture_1.mp4','sci_lecture_1.mp4',1772286982),(111,'SCI003','생명과학 집중 강의 - 과학 10강','/lectures/sci/sci_lecture_10.mp4','sci_lecture_10.mp4',518130942),(112,'SCI003','생명과학 집중 강의 - 과학 9강','/lectures/sci/sci_lecture_9.mp4','sci_lecture_9.mp4',1273793809),(113,'SCI003','생명과학 집중 강의 - 과학 8강','/lectures/sci/sci_lecture_8.mp4','sci_lecture_8.mp4',1314576268),(114,'SCI003','생명과학 집중 강의 - 과학 7강','/lectures/sci/sci_lecture_7.mp4','sci_lecture_7.mp4',751499959),(115,'SCI003','생명과학 집중 강의 - 과학 6강','/lectures/sci/sci_lecture_6.mp4','sci_lecture_6.mp4',813771035),(116,'SCI003','생명과학 집중 강의 - 과학 5강','/lectures/sci/sci_lecture_5.mp4','sci_lecture_5.mp4',1314355348),(117,'SCI003','생명과학 집중 강의 - 과학 4강','/lectures/sci/sci_lecture_4.mp4','sci_lecture_4.mp4',630463678),(118,'SCI003','생명과학 집중 강의 - 과학 3강','/lectures/sci/sci_lecture_3.mp4','sci_lecture_3.mp4',1709252396),(119,'SCI003','생명과학 집중 강의 - 과학 2강','/lectures/sci/sci_lecture_2.mp4','sci_lecture_2.mp4',1654870993),(120,'SCI003','생명과학 집중 강의 - 과학 1강','/lectures/sci/sci_lecture_1.mp4','sci_lecture_1.mp4',1146597821),(121,'SOC001','한국사 핵심 정리 - 사회 10강','/lectures/soc/soc_lecture_10.mp4','soc_lecture_10.mp4',1768376173),(122,'SOC001','한국사 핵심 정리 - 사회 9강','/lectures/soc/soc_lecture_9.mp4','soc_lecture_9.mp4',1902087450),(123,'SOC001','한국사 핵심 정리 - 사회 8강','/lectures/soc/soc_lecture_8.mp4','soc_lecture_8.mp4',705308777),(124,'SOC001','한국사 핵심 정리 - 사회 7강','/lectures/soc/soc_lecture_7.mp4','soc_lecture_7.mp4',1820281579),(125,'SOC001','한국사 핵심 정리 - 사회 6강','/lectures/soc/soc_lecture_6.mp4','soc_lecture_6.mp4',1985481614),(126,'SOC001','한국사 핵심 정리 - 사회 5강','/lectures/soc/soc_lecture_5.mp4','soc_lecture_5.mp4',966563379),(127,'SOC001','한국사 핵심 정리 - 사회 4강','/lectures/soc/soc_lecture_4.mp4','soc_lecture_4.mp4',1376372101),(128,'SOC001','한국사 핵심 정리 - 사회 3강','/lectures/soc/soc_lecture_3.mp4','soc_lecture_3.mp4',1982170412),(129,'SOC001','한국사 핵심 정리 - 사회 2강','/lectures/soc/soc_lecture_2.mp4','soc_lecture_2.mp4',781735804),(130,'SOC001','한국사 핵심 정리 - 사회 1강','/lectures/soc/soc_lecture_1.mp4','soc_lecture_1.mp4',1962167830),(131,'SOC002','세계사 주요 사건 - 사회 10강','/lectures/soc/soc_lecture_10.mp4','soc_lecture_10.mp4',965631784),(132,'SOC002','세계사 주요 사건 - 사회 9강','/lectures/soc/soc_lecture_9.mp4','soc_lecture_9.mp4',1441655477),(133,'SOC002','세계사 주요 사건 - 사회 8강','/lectures/soc/soc_lecture_8.mp4','soc_lecture_8.mp4',811382080),(134,'SOC002','세계사 주요 사건 - 사회 7강','/lectures/soc/soc_lecture_7.mp4','soc_lecture_7.mp4',731944014),(135,'SOC002','세계사 주요 사건 - 사회 6강','/lectures/soc/soc_lecture_6.mp4','soc_lecture_6.mp4',725573880),(136,'SOC002','세계사 주요 사건 - 사회 5강','/lectures/soc/soc_lecture_5.mp4','soc_lecture_5.mp4',932037402),(137,'SOC002','세계사 주요 사건 - 사회 4강','/lectures/soc/soc_lecture_4.mp4','soc_lecture_4.mp4',1983465419),(138,'SOC002','세계사 주요 사건 - 사회 3강','/lectures/soc/soc_lecture_3.mp4','soc_lecture_3.mp4',621214933),(139,'SOC002','세계사 주요 사건 - 사회 2강','/lectures/soc/soc_lecture_2.mp4','soc_lecture_2.mp4',1155678455),(140,'SOC002','세계사 주요 사건 - 사회 1강','/lectures/soc/soc_lecture_1.mp4','soc_lecture_1.mp4',1914747523),(141,'SOC003','사회문화 개념 정리 - 사회 10강','/lectures/soc/soc_lecture_10.mp4','soc_lecture_10.mp4',1106702295),(142,'SOC003','사회문화 개념 정리 - 사회 9강','/lectures/soc/soc_lecture_9.mp4','soc_lecture_9.mp4',789268953),(143,'SOC003','사회문화 개념 정리 - 사회 8강','/lectures/soc/soc_lecture_8.mp4','soc_lecture_8.mp4',1626237925),(144,'SOC003','사회문화 개념 정리 - 사회 7강','/lectures/soc/soc_lecture_7.mp4','soc_lecture_7.mp4',763382815),(145,'SOC003','사회문화 개념 정리 - 사회 6강','/lectures/soc/soc_lecture_6.mp4','soc_lecture_6.mp4',1438200346),(146,'SOC003','사회문화 개념 정리 - 사회 5강','/lectures/soc/soc_lecture_5.mp4','soc_lecture_5.mp4',1400853332),(147,'SOC003','사회문화 개념 정리 - 사회 4강','/lectures/soc/soc_lecture_4.mp4','soc_lecture_4.mp4',689665668),(148,'SOC003','사회문화 개념 정리 - 사회 3강','/lectures/soc/soc_lecture_3.mp4','soc_lecture_3.mp4',1745768392),(149,'SOC003','사회문화 개념 정리 - 사회 2강','/lectures/soc/soc_lecture_2.mp4','soc_lecture_2.mp4',1659845003),(150,'SOC003','사회문화 개념 정리 - 사회 1강','/lectures/soc/soc_lecture_1.mp4','soc_lecture_1.mp4',1061919883);
/*!40000 ALTER TABLE `TBL_LECTURE_DETAIL` ENABLE KEYS */;
UNLOCK TABLES;

--
-- Table structure for table `TBL_MEMBER`
--

DROP TABLE IF EXISTS `TBL_MEMBER`;
/*!40101 SET @saved_cs_client     = @@character_set_client */;
/*!50503 SET character_set_client = utf8mb4 */;
CREATE TABLE `TBL_MEMBER` (
  `user_id` varchar(50) COLLATE utf8mb4_general_ci NOT NULL COMMENT '회원 아이디',
  `user_pwd` varchar(128) CHARACTER SET utf8mb4 COLLATE utf8mb4_general_ci DEFAULT NULL COMMENT '회원 비밀번호',
  `salt` varchar(128) CHARACTER SET utf8mb4 COLLATE utf8mb4_general_ci DEFAULT NULL COMMENT '회원 비밀번호 솔트',
  `user_name` varchar(50) CHARACTER SET utf8mb4 COLLATE utf8mb4_general_ci DEFAULT NULL COMMENT '회원 이름',
  `user_nickname` varchar(50) CHARACTER SET utf8mb4 COLLATE utf8mb4_general_ci DEFAULT NULL COMMENT '회원 닉네임',
  `user_email` varchar(50) CHARACTER SET utf8mb4 COLLATE utf8mb4_general_ci DEFAULT NULL COMMENT '회원 이메일',
  `user_phone` varchar(20) CHARACTER SET utf8mb4 COLLATE utf8mb4_general_ci DEFAULT NULL COMMENT '회원 전화번호',
  `user_birth` date DEFAULT NULL COMMENT '회원 생년월일',
  `user_regdate` datetime DEFAULT CURRENT_TIMESTAMP COMMENT '회원 가입일',
  `user_type` varchar(3) CHARACTER SET utf8mb4 COLLATE utf8mb4_general_ci NOT NULL COMMENT '회원 유형 코드',
  PRIMARY KEY (`user_id`),
  UNIQUE KEY `uq_user_nickname` (`user_nickname`),
  KEY `fk_member_type` (`user_type`),
  CONSTRAINT `fk_member_type` FOREIGN KEY (`user_type`) REFERENCES `TBL_MEMBER_TYPE` (`user_type`)
) ENGINE=InnoDB DEFAULT CHARSET=utf8mb4 COLLATE=utf8mb4_general_ci;
/*!40101 SET character_set_client = @saved_cs_client */;

--
-- Dumping data for table `TBL_MEMBER`
--

LOCK TABLES `TBL_MEMBER` WRITE;
/*!40000 ALTER TABLE `TBL_MEMBER` DISABLE KEYS */;
INSERT INTO `TBL_MEMBER` VALUES ('student1','hashed_password','salt_value','학생일','열공맨','student1@example.com','01098765432','2000-03-15','2024-10-24 13:37:31','S01'),('student2','hashed_password','salt_value','학생이','공부왕','student2@example.com','01087654321','2001-05-20','2024-10-24 13:37:31','S01'),('student3','hashed_password','salt_value','학생삼','수능전사','student3@example.com','01076543210','2002-11-10','2024-10-24 13:37:31','S01'),('student4','hashed_password','salt_value','학생사','문제풀이고수','student4@example.com','01065432109','2003-07-07','2024-10-24 13:37:31','S01'),('student5','hashed_password','salt_value','학생오','성적상승중','student5@example.com','01054321098','2004-09-25','2024-10-24 13:37:31','S01'),('teacher_eng1','hashed_password','salt_value','이영어','영어선생님1','english1@teacher.com','01023456789','1982-02-02','2024-10-24 13:33:24','T02'),('teacher_eng2','hashed_password','salt_value','최영어','영어선생님2','english2@teacher.com','01023456790','1983-02-03','2024-10-24 13:33:24','T02'),('teacher_kor1','hashed_password','salt_value','김국어','국어선생님1','korean1@teacher.com','01012345678','1980-01-01','2024-10-24 13:33:24','T01'),('teacher_kor2','hashed_password','salt_value','박국어','국어선생님2','korean2@teacher.com','01012345679','1981-01-02','2024-10-24 13:33:24','T01'),('teacher_math1','hashed_password','salt_value','박수학','수학선생님1','math1@teacher.com','01034567890','1985-03-03','2024-10-24 13:33:24','T03'),('teacher_math2','hashed_password','salt_value','정수학','수학선생님2','math2@teacher.com','01034567891','1986-03-04','2024-10-24 13:33:24','T03'),('teacher_sci1','hashed_password','salt_value','최과학','과학선생님1','science1@teacher.com','01045678901','1988-04-04','2024-10-24 13:33:24','T04'),('teacher_sci2','hashed_password','salt_value','강과학','과학선생님2','science2@teacher.com','01045678902','1989-04-05','2024-10-24 13:33:24','T04'),('teacher_soc1','hashed_password','salt_value','정사회','사회선생님1','social1@teacher.com','01056789012','1990-05-05','2024-10-24 13:33:24','T05'),('teacher_soc2','hashed_password','salt_value','윤사회','사회선생님2','social2@teacher.com','01056789013','1991-05-06','2024-10-24 13:33:24','T05');
/*!40000 ALTER TABLE `TBL_MEMBER` ENABLE KEYS */;
UNLOCK TABLES;

--
-- Table structure for table `TBL_MEMBER_TYPE`
--

DROP TABLE IF EXISTS `TBL_MEMBER_TYPE`;
/*!40101 SET @saved_cs_client     = @@character_set_client */;
/*!50503 SET character_set_client = utf8mb4 */;
CREATE TABLE `TBL_MEMBER_TYPE` (
  `user_type` varchar(3) CHARACTER SET utf8mb4 COLLATE utf8mb4_general_ci NOT NULL COMMENT '회원 유형 코드',
  `user_type_name` varchar(50) CHARACTER SET utf8mb4 COLLATE utf8mb4_general_ci NOT NULL COMMENT '회원 유형 이름',
  PRIMARY KEY (`user_type`)
) ENGINE=InnoDB DEFAULT CHARSET=utf8mb4 COLLATE=utf8mb4_general_ci;
/*!40101 SET character_set_client = @saved_cs_client */;

--
-- Dumping data for table `TBL_MEMBER_TYPE`
--

LOCK TABLES `TBL_MEMBER_TYPE` WRITE;
/*!40000 ALTER TABLE `TBL_MEMBER_TYPE` DISABLE KEYS */;
INSERT INTO `TBL_MEMBER_TYPE` VALUES ('A00','관리자'),('N00','탈퇴'),('S01','학생'),('T01','국어 선생님'),('T02','영어 선생님'),('T03','수학 선생님'),('T04','과학 선생님'),('T05','사회 선생님');
/*!40000 ALTER TABLE `TBL_MEMBER_TYPE` ENABLE KEYS */;
UNLOCK TABLES;

--
-- Table structure for table `TBL_PAYMENT`
--

DROP TABLE IF EXISTS `TBL_PAYMENT`;
/*!40101 SET @saved_cs_client     = @@character_set_client */;
/*!50503 SET character_set_client = utf8mb4 */;
CREATE TABLE `TBL_PAYMENT` (
  `payment_idx` int unsigned NOT NULL COMMENT '결제 아이디',
  `user_id` varchar(50) COLLATE utf8mb4_general_ci NOT NULL COMMENT '결제 학생 아이디',
  `lecture_code` varchar(50) COLLATE utf8mb4_general_ci NOT NULL COMMENT '결제 강의 코드',
  `payment_date` datetime NOT NULL COMMENT '결제 날짜',
  `payment_status` char(1) CHARACTER SET utf8mb4 COLLATE utf8mb4_general_ci NOT NULL COMMENT '결제 상태 (P: 결제 완료, R: 환불 ,I : 결제 미완료)',
  `lecture_start_date` datetime DEFAULT NULL COMMENT '수강 시작일',
  PRIMARY KEY (`payment_idx`),
  KEY `fk_payment_user` (`user_id`),
  KEY `fk_payment_lecture` (`lecture_code`),
  CONSTRAINT `fk_payment_lecture` FOREIGN KEY (`lecture_code`) REFERENCES `TBL_LECTURE` (`lecture_code`),
  CONSTRAINT `fk_payment_user` FOREIGN KEY (`user_id`) REFERENCES `TBL_MEMBER` (`user_id`)
) ENGINE=InnoDB DEFAULT CHARSET=utf8mb4 COLLATE=utf8mb4_general_ci;
/*!40101 SET character_set_client = @saved_cs_client */;

--
-- Dumping data for table `TBL_PAYMENT`
--

LOCK TABLES `TBL_PAYMENT` WRITE;
/*!40000 ALTER TABLE `TBL_PAYMENT` DISABLE KEYS */;
INSERT INTO `TBL_PAYMENT` VALUES (4,'student2','ENG001','2024-10-24 00:00:00','P','2024-09-27 00:00:00'),(6,'student5','ENG002','2024-10-11 00:00:00','P','2024-09-28 00:00:00'),(7,'student4','ENG002','2024-10-24 00:00:00','P','2024-10-04 00:00:00'),(14,'student2','ENG003','2024-10-07 00:00:00','P','2024-10-10 00:00:00'),(17,'student4','KOR001','2024-10-11 00:00:00','P','2024-09-29 00:00:00'),(18,'student3','KOR001','2024-10-06 00:00:00','P','2024-09-27 00:00:00'),(26,'student5','KOR003','2024-09-29 00:00:00','P','2024-10-20 00:00:00'),(27,'student4','KOR003','2024-10-09 00:00:00','P','2024-09-27 00:00:00'),(28,'student3','KOR003','2024-10-23 00:00:00','P','2024-10-01 00:00:00'),(31,'student5','MATH001','2024-09-29 00:00:00','P','2024-10-08 00:00:00'),(36,'student5','MATH002','2024-10-17 00:00:00','P','2024-09-26 00:00:00'),(37,'student4','MATH002','2024-09-27 00:00:00','P','2024-10-23 00:00:00'),(42,'student4','MATH003','2024-10-08 00:00:00','P','2024-10-20 00:00:00'),(43,'student3','MATH003','2024-10-01 00:00:00','P','2024-09-30 00:00:00'),(46,'student5','SCI001','2024-10-08 00:00:00','P','2024-09-28 00:00:00'),(49,'student2','SCI001','2024-10-02 00:00:00','P','2024-09-26 00:00:00'),(55,'student1','SCI002','2024-10-02 00:00:00','P','2024-10-07 00:00:00'),(62,'student4','SOC001','2024-09-30 00:00:00','P','2024-10-22 00:00:00'),(66,'student5','SOC002','2024-10-23 00:00:00','P','2024-10-22 00:00:00'),(75,'student1','SOC003','2024-10-18 00:00:00','P','2024-10-01 00:00:00');
/*!40000 ALTER TABLE `TBL_PAYMENT` ENABLE KEYS */;
UNLOCK TABLES;

--
-- Table structure for table `TBL_QNA`
--

DROP TABLE IF EXISTS `TBL_QNA`;
/*!40101 SET @saved_cs_client     = @@character_set_client */;
/*!50503 SET character_set_client = utf8mb4 */;
CREATE TABLE `TBL_QNA` (
  `qna_idx` int unsigned NOT NULL AUTO_INCREMENT COMMENT 'QnA 아이디',
  `qna_title` varchar(100) COLLATE utf8mb4_general_ci NOT NULL COMMENT 'QnA 제목',
  `qna_content` text COLLATE utf8mb4_general_ci NOT NULL COMMENT 'QnA 내용',
  `qna_regdate` datetime NOT NULL DEFAULT CURRENT_TIMESTAMP COMMENT 'QnA 등록일',
  `qna_writer` varchar(50) COLLATE utf8mb4_general_ci NOT NULL COMMENT 'QnA 작성자 아이디',
  `qna_type` varchar(50) COLLATE utf8mb4_general_ci NOT NULL COMMENT 'QnA 유형 G : 일반 QnA, T : 선생님 QnA',
  `qna_category` varchar(50) COLLATE utf8mb4_general_ci DEFAULT NULL COMMENT 'QnA 카테고리 일반 QnA 유형 코드, 강의 코드',
  PRIMARY KEY (`qna_idx`),
  KEY `fk_qna_writer` (`qna_writer`),
  CONSTRAINT `fk_qna_writer` FOREIGN KEY (`qna_writer`) REFERENCES `TBL_MEMBER` (`user_id`)
) ENGINE=InnoDB AUTO_INCREMENT=32 DEFAULT CHARSET=utf8mb4 COLLATE=utf8mb4_general_ci;
/*!40101 SET character_set_client = @saved_cs_client */;

--
-- Dumping data for table `TBL_QNA`
--

LOCK TABLES `TBL_QNA` WRITE;
/*!40000 ALTER TABLE `TBL_QNA` DISABLE KEYS */;
INSERT INTO `TBL_QNA` VALUES (1,'일반 QnA 1','이것은 QnA 내용입니다. 더미 QnA 더미 QnA 더미 QnA 더미 QnA ','2024-10-24 13:38:26','student1','G',NULL),(2,'일반 QnA 13','이것은 QnA 내용입니다. 더미 QnA 더미 QnA 더미 QnA 더미 QnA ','2024-10-24 13:38:26','student2','G',NULL),(3,'고등 국어 기초 QnA 1','이것은 QnA 내용입니다. 더미 QnA 더미 QnA 더미 QnA 더미 QnA ','2024-10-24 13:38:26','student5','T','KOR001'),(4,'수능 수학 실전 QnA 1','이것은 QnA 내용입니다. 더미 QnA 더미 QnA 더미 QnA 더미 QnA ','2024-10-24 13:38:26','student3','T','MATH002'),(5,'일반 QnA 5','이것은 QnA 내용입니다. 더미 QnA 더미 QnA 더미 QnA 더미 QnA ','2024-10-24 13:38:26','student3','G',NULL),(6,'고등 수학 심화 QnA 1','이것은 QnA 내용입니다. 더미 QnA 더미 QnA 더미 QnA 더미 QnA ','2024-10-24 13:38:26','student5','T','MATH003'),(7,'일반 QnA 9','이것은 QnA 내용입니다. 더미 QnA 더미 QnA 더미 QnA 더미 QnA ','2024-10-24 13:38:26','student5','G',NULL),(8,'사회문화 개념 정리 QnA 1','이것은 QnA 내용입니다. 더미 QnA 더미 QnA 더미 QnA 더미 QnA ','2024-10-24 13:38:26','student2','T','SOC003'),(9,'문학 작품 분석 QnA 1','이것은 QnA 내용입니다. 더미 QnA 더미 QnA 더미 QnA 더미 QnA ','2024-10-24 13:38:26','student1','T','KOR003'),(10,'한국사 핵심 정리 QnA 1','이것은 QnA 내용입니다. 더미 QnA 더미 QnA 더미 QnA 더미 QnA ','2024-10-24 13:38:26','student2','T','SOC001'),(11,'일반 QnA 12','이것은 QnA 내용입니다. 더미 QnA 더미 QnA 더미 QnA 더미 QnA ','2024-10-24 13:38:26','student5','G',NULL),(12,'영어 회화 마스터 QnA 1','이것은 QnA 내용입니다. 더미 QnA 더미 QnA 더미 QnA 더미 QnA ','2024-10-24 13:38:26','student3','T','ENG003'),(13,'일반 QnA 7','이것은 QnA 내용입니다. 더미 QnA 더미 QnA 더미 QnA 더미 QnA ','2024-10-24 13:38:26','student2','G',NULL),(14,'토익 고득점 비법 QnA 1','이것은 QnA 내용입니다. 더미 QnA 더미 QnA 더미 QnA 더미 QnA ','2024-10-24 13:38:26','student3','T','ENG002'),(15,'중등 과학 종합 QnA 1','이것은 QnA 내용입니다. 더미 QnA 더미 QnA 더미 QnA 더미 QnA ','2024-10-24 13:38:26','student5','T','SCI001'),(16,'일반 QnA 4','이것은 QnA 내용입니다. 더미 QnA 더미 QnA 더미 QnA 더미 QnA ','2024-10-24 13:38:26','student3','G',NULL),(17,'일반 QnA 14','이것은 QnA 내용입니다. 더미 QnA 더미 QnA 더미 QnA 더미 QnA ','2024-10-24 13:38:26','student5','G',NULL),(18,'일반 QnA 3','이것은 QnA 내용입니다. 더미 QnA 더미 QnA 더미 QnA 더미 QnA ','2024-10-24 13:38:26','student4','G',NULL),(19,'수능 국어 마스터 QnA 1','이것은 QnA 내용입니다. 더미 QnA 더미 QnA 더미 QnA 더미 QnA ','2024-10-24 13:38:26','student1','T','KOR002'),(20,'고등 물리 심화 QnA 1','이것은 QnA 내용입니다. 더미 QnA 더미 QnA 더미 QnA 더미 QnA ','2024-10-24 13:38:26','student4','T','SCI002'),(21,'세계사 주요 사건 QnA 1','이것은 QnA 내용입니다. 더미 QnA 더미 QnA 더미 QnA 더미 QnA ','2024-10-24 13:38:26','student5','T','SOC002'),(22,'중학 수학 기초 QnA 1','이것은 QnA 내용입니다. 더미 QnA 더미 QnA 더미 QnA 더미 QnA ','2024-10-24 13:38:26','student1','T','MATH001'),(23,'생명과학 집중 강의 QnA 1','이것은 QnA 내용입니다. 더미 QnA 더미 QnA 더미 QnA 더미 QnA ','2024-10-24 13:38:26','student4','T','SCI003'),(24,'일반 QnA 10','이것은 QnA 내용입니다. 더미 QnA 더미 QnA 더미 QnA 더미 QnA ','2024-10-24 13:38:26','student4','G',NULL),(25,'일반 QnA 11','이것은 QnA 내용입니다. 더미 QnA 더미 QnA 더미 QnA 더미 QnA ','2024-10-24 13:38:26','student5','G',NULL),(26,'일반 QnA 8','이것은 QnA 내용입니다. 더미 QnA 더미 QnA 더미 QnA 더미 QnA ','2024-10-24 13:38:26','student3','G',NULL),(27,'중등 영어 문법 QnA 1','이것은 QnA 내용입니다. 더미 QnA 더미 QnA 더미 QnA 더미 QnA ','2024-10-24 13:38:26','student5','T','ENG001'),(28,'일반 QnA 6','이것은 QnA 내용입니다. 더미 QnA 더미 QnA 더미 QnA 더미 QnA ','2024-10-24 13:38:26','student3','G',NULL),(29,'일반 QnA 2','이것은 QnA 내용입니다. 더미 QnA 더미 QnA 더미 QnA 더미 QnA ','2024-10-24 13:38:26','student4','G',NULL),(30,'일반 QnA 15','이것은 QnA 내용입니다. 더미 QnA 더미 QnA 더미 QnA 더미 QnA ','2024-10-24 13:38:26','student2','G',NULL);
/*!40000 ALTER TABLE `TBL_QNA` ENABLE KEYS */;
UNLOCK TABLES;

--
-- Table structure for table `TBL_QNA_COMMENT`
--

DROP TABLE IF EXISTS `TBL_QNA_COMMENT`;
/*!40101 SET @saved_cs_client     = @@character_set_client */;
/*!50503 SET character_set_client = utf8mb4 */;
CREATE TABLE `TBL_QNA_COMMENT` (
  `qna_comment_idx` int unsigned NOT NULL AUTO_INCREMENT COMMENT 'QnA 댓글 아이디',
  `qna_comment_content` text COLLATE utf8mb4_general_ci NOT NULL COMMENT 'QnA 댓글 내용',
  `qna_comment_regdate` datetime NOT NULL DEFAULT CURRENT_TIMESTAMP COMMENT 'QnA 댓글 등록일',
  `qna_idx` int unsigned NOT NULL COMMENT 'QnA 아이디',
  `qna_comment_writer` varchar(50) COLLATE utf8mb4_general_ci NOT NULL COMMENT 'QnA 댓글 작성자 아이디',
  PRIMARY KEY (`qna_comment_idx`),
  KEY `fk_qna_comment_qna` (`qna_idx`),
  KEY `fk_qna_comment_writer` (`qna_comment_writer`),
  CONSTRAINT `fk_qna_comment_qna` FOREIGN KEY (`qna_idx`) REFERENCES `TBL_QNA` (`qna_idx`),
  CONSTRAINT `fk_qna_comment_writer` FOREIGN KEY (`qna_comment_writer`) REFERENCES `TBL_MEMBER` (`user_id`)
) ENGINE=InnoDB AUTO_INCREMENT=32 DEFAULT CHARSET=utf8mb4 COLLATE=utf8mb4_general_ci;
/*!40101 SET character_set_client = @saved_cs_client */;

--
-- Dumping data for table `TBL_QNA_COMMENT`
--

LOCK TABLES `TBL_QNA_COMMENT` WRITE;
/*!40000 ALTER TABLE `TBL_QNA_COMMENT` DISABLE KEYS */;
INSERT INTO `TBL_QNA_COMMENT` VALUES (1,'이것은 QnA 댓글 내용입니다. 더미 QnA 댓글 더미 QnA 댓글 ','2024-10-24 13:38:30',9,'teacher_sci1'),(2,'이것은 QnA 댓글 내용입니다. 더미 QnA 댓글 더미 QnA 댓글 ','2024-10-24 13:38:30',24,'student4'),(3,'이것은 QnA 댓글 내용입니다. 더미 QnA 댓글 더미 QnA 댓글 ','2024-10-24 13:38:30',11,'teacher_kor2'),(4,'이것은 QnA 댓글 내용입니다. 더미 QnA 댓글 더미 QnA 댓글 ','2024-10-24 13:38:30',28,'teacher_sci2'),(5,'이것은 QnA 댓글 내용입니다. 더미 QnA 댓글 더미 QnA 댓글 ','2024-10-24 13:38:30',3,'teacher_eng1'),(6,'이것은 QnA 댓글 내용입니다. 더미 QnA 댓글 더미 QnA 댓글 ','2024-10-24 13:38:30',2,'teacher_kor1'),(7,'이것은 QnA 댓글 내용입니다. 더미 QnA 댓글 더미 QnA 댓글 ','2024-10-24 13:38:30',22,'teacher_kor1'),(8,'이것은 QnA 댓글 내용입니다. 더미 QnA 댓글 더미 QnA 댓글 ','2024-10-24 13:38:30',19,'teacher_math1'),(9,'이것은 QnA 댓글 내용입니다. 더미 QnA 댓글 더미 QnA 댓글 ','2024-10-24 13:38:30',17,'teacher_kor2'),(10,'이것은 QnA 댓글 내용입니다. 더미 QnA 댓글 더미 QnA 댓글 ','2024-10-24 13:38:30',12,'teacher_soc2'),(11,'이것은 QnA 댓글 내용입니다. 더미 QnA 댓글 더미 QnA 댓글 ','2024-10-24 13:38:30',20,'teacher_math1'),(12,'이것은 QnA 댓글 내용입니다. 더미 QnA 댓글 더미 QnA 댓글 ','2024-10-24 13:38:30',15,'teacher_math1'),(13,'이것은 QnA 댓글 내용입니다. 더미 QnA 댓글 더미 QnA 댓글 ','2024-10-24 13:38:30',4,'teacher_sci2'),(14,'이것은 QnA 댓글 내용입니다. 더미 QnA 댓글 더미 QnA 댓글 ','2024-10-24 13:38:30',21,'teacher_kor2'),(15,'이것은 QnA 댓글 내용입니다. 더미 QnA 댓글 더미 QnA 댓글 ','2024-10-24 13:38:30',13,'teacher_math2'),(16,'이것은 QnA 댓글 내용입니다. 더미 QnA 댓글 더미 QnA 댓글 ','2024-10-24 13:38:30',18,'student3'),(17,'이것은 QnA 댓글 내용입니다. 더미 QnA 댓글 더미 QnA 댓글 ','2024-10-24 13:38:30',10,'teacher_eng1'),(18,'이것은 QnA 댓글 내용입니다. 더미 QnA 댓글 더미 QnA 댓글 ','2024-10-24 13:38:30',23,'teacher_kor2'),(19,'이것은 QnA 댓글 내용입니다. 더미 QnA 댓글 더미 QnA 댓글 ','2024-10-24 13:38:30',7,'teacher_math1'),(20,'이것은 QnA 댓글 내용입니다. 더미 QnA 댓글 더미 QnA 댓글 ','2024-10-24 13:38:30',26,'teacher_sci2'),(21,'이것은 QnA 댓글 내용입니다. 더미 QnA 댓글 더미 QnA 댓글 ','2024-10-24 13:38:30',27,'teacher_kor1'),(22,'이것은 QnA 댓글 내용입니다. 더미 QnA 댓글 더미 QnA 댓글 ','2024-10-24 13:38:30',25,'teacher_sci2'),(23,'이것은 QnA 댓글 내용입니다. 더미 QnA 댓글 더미 QnA 댓글 ','2024-10-24 13:38:30',29,'student4'),(24,'이것은 QnA 댓글 내용입니다. 더미 QnA 댓글 더미 QnA 댓글 ','2024-10-24 13:38:30',8,'teacher_kor1'),(25,'이것은 QnA 댓글 내용입니다. 더미 QnA 댓글 더미 QnA 댓글 ','2024-10-24 13:38:30',16,'teacher_kor2'),(26,'이것은 QnA 댓글 내용입니다. 더미 QnA 댓글 더미 QnA 댓글 ','2024-10-24 13:38:30',14,'teacher_sci1'),(27,'이것은 QnA 댓글 내용입니다. 더미 QnA 댓글 더미 QnA 댓글 ','2024-10-24 13:38:30',6,'teacher_kor2'),(28,'이것은 QnA 댓글 내용입니다. 더미 QnA 댓글 더미 QnA 댓글 ','2024-10-24 13:38:30',1,'student3'),(29,'이것은 QnA 댓글 내용입니다. 더미 QnA 댓글 더미 QnA 댓글 ','2024-10-24 13:38:30',5,'teacher_eng1'),(30,'이것은 QnA 댓글 내용입니다. 더미 QnA 댓글 더미 QnA 댓글 ','2024-10-24 13:38:30',30,'teacher_kor2');
/*!40000 ALTER TABLE `TBL_QNA_COMMENT` ENABLE KEYS */;
UNLOCK TABLES;

--
-- Table structure for table `TBL_REPORT_CARD`
--

DROP TABLE IF EXISTS `TBL_REPORT_CARD`;
/*!40101 SET @saved_cs_client     = @@character_set_client */;
/*!50503 SET character_set_client = utf8mb4 */;
CREATE TABLE `TBL_REPORT_CARD` (
  `report_card_idx` int unsigned NOT NULL AUTO_INCREMENT COMMENT '성적표 아이디',
  `lecture_code` varchar(50) COLLATE utf8mb4_general_ci NOT NULL COMMENT '성적표 대상 강의 코드',
  `report_card_name` varchar(100) COLLATE utf8mb4_general_ci NOT NULL COMMENT '성적표 이름',
  `report_card_regdate` datetime NOT NULL DEFAULT CURRENT_TIMESTAMP COMMENT '성적표 등록일',
  `user_id` varchar(50) COLLATE utf8mb4_general_ci NOT NULL COMMENT '성적표 작성자 아이디',
  PRIMARY KEY (`report_card_idx`),
  KEY `fk_report_card_lecture` (`lecture_code`),
  KEY `fk_report_card_user` (`user_id`),
  CONSTRAINT `fk_report_card_lecture` FOREIGN KEY (`lecture_code`) REFERENCES `TBL_LECTURE` (`lecture_code`),
  CONSTRAINT `fk_report_card_user` FOREIGN KEY (`user_id`) REFERENCES `TBL_MEMBER` (`user_id`)
) ENGINE=InnoDB AUTO_INCREMENT=32 DEFAULT CHARSET=utf8mb4 COLLATE=utf8mb4_general_ci;
/*!40101 SET character_set_client = @saved_cs_client */;

--
-- Dumping data for table `TBL_REPORT_CARD`
--

LOCK TABLES `TBL_REPORT_CARD` WRITE;
/*!40000 ALTER TABLE `TBL_REPORT_CARD` DISABLE KEYS */;
INSERT INTO `TBL_REPORT_CARD` VALUES (1,'MATH002','수능 수학 실전 - 2024년 10월 성적표','2024-10-24 13:38:39','student5'),(2,'SOC003','사회문화 개념 정리 - 2024년 10월 성적표','2024-10-24 13:38:39','student1'),(3,'KOR003','문학 작품 분석 - 2024년 10월 성적표','2024-10-24 13:38:39','student5'),(4,'ENG001','중등 영어 문법 - 2024년 10월 성적표','2024-10-24 13:38:39','student2'),(5,'SOC001','한국사 핵심 정리 - 2024년 10월 성적표','2024-10-24 13:38:39','student4'),(6,'MATH002','수능 수학 실전 - 2024년 10월 성적표','2024-10-24 13:38:39','student4'),(7,'SCI001','중등 과학 종합 - 2024년 10월 성적표','2024-10-24 13:38:39','student5'),(8,'SCI002','고등 물리 심화 - 2024년 10월 성적표','2024-10-24 13:38:39','student1'),(9,'KOR001','고등 국어 기초 - 2024년 10월 성적표','2024-10-24 13:38:39','student4'),(10,'KOR003','문학 작품 분석 - 2024년 10월 성적표','2024-10-24 13:38:39','student3'),(11,'SCI001','중등 과학 종합 - 2024년 10월 성적표','2024-10-24 13:38:39','student2'),(12,'ENG003','영어 회화 마스터 - 2024년 10월 성적표','2024-10-24 13:38:39','student2'),(13,'ENG002','토익 고득점 비법 - 2024년 10월 성적표','2024-10-24 13:38:39','student5'),(14,'KOR003','문학 작품 분석 - 2024년 10월 성적표','2024-10-24 13:38:39','student4'),(15,'MATH003','고등 수학 심화 - 2024년 10월 성적표','2024-10-24 13:38:39','student4'),(16,'MATH003','고등 수학 심화 - 2024년 10월 성적표','2024-10-24 13:38:39','student3'),(17,'SOC002','세계사 주요 사건 - 2024년 10월 성적표','2024-10-24 13:38:39','student5'),(18,'ENG002','토익 고득점 비법 - 2024년 10월 성적표','2024-10-24 13:38:39','student4'),(19,'KOR001','고등 국어 기초 - 2024년 10월 성적표','2024-10-24 13:38:39','student3'),(20,'MATH001','중학 수학 기초 - 2024년 10월 성적표','2024-10-24 13:38:39','student5');
/*!40000 ALTER TABLE `TBL_REPORT_CARD` ENABLE KEYS */;
UNLOCK TABLES;

--
-- Table structure for table `TBL_REVIEW`
--

DROP TABLE IF EXISTS `TBL_REVIEW`;
/*!40101 SET @saved_cs_client     = @@character_set_client */;
/*!50503 SET character_set_client = utf8mb4 */;
CREATE TABLE `TBL_REVIEW` (
  `review_idx` int unsigned NOT NULL COMMENT '리뷰 아이디',
  `lecture_code` varchar(50) COLLATE utf8mb4_general_ci NOT NULL COMMENT '리뷰 대상 강의 코드',
  `user_id` varchar(50) COLLATE utf8mb4_general_ci NOT NULL COMMENT '리뷰 작성자 아이디',
  `review_content` text COLLATE utf8mb4_general_ci NOT NULL COMMENT '리뷰 내용',
  `review_rating` int unsigned NOT NULL COMMENT '리뷰 평점',
  `review_date` datetime NOT NULL DEFAULT CURRENT_TIMESTAMP COMMENT '리뷰 작성일',
  PRIMARY KEY (`review_idx`),
  KEY `fk_review_lecture` (`lecture_code`),
  KEY `fk_review_user` (`user_id`),
  CONSTRAINT `fk_review_lecture` FOREIGN KEY (`lecture_code`) REFERENCES `TBL_LECTURE` (`lecture_code`),
  CONSTRAINT `fk_review_user` FOREIGN KEY (`user_id`) REFERENCES `TBL_MEMBER` (`user_id`),
  CONSTRAINT `chk_review_rating` CHECK ((`review_rating` between 1 and 5))
) ENGINE=InnoDB DEFAULT CHARSET=utf8mb4 COLLATE=utf8mb4_general_ci;
/*!40101 SET character_set_client = @saved_cs_client */;

--
-- Dumping data for table `TBL_REVIEW`
--

LOCK TABLES `TBL_REVIEW` WRITE;
/*!40000 ALTER TABLE `TBL_REVIEW` DISABLE KEYS */;
INSERT INTO `TBL_REVIEW` VALUES (1,'ENG001','student2','이 강의는 괜찮았습니다. 추천합니다! 추천합니다! ',1,'2024-10-24 13:38:35'),(2,'ENG002','student5','이 강의는 도움이 되었습니다. 추천합니다! 추천합니다! ',2,'2024-10-24 13:38:35'),(3,'ENG002','student4','이 강의는 괜찮았습니다. 추천합니다! 추천합니다! ',1,'2024-10-24 13:38:35'),(4,'ENG003','student2','이 강의는 좋았습니다. 추천합니다! 추천합니다! ',5,'2024-10-24 13:38:35'),(5,'KOR001','student4','이 강의는 도움이 되었습니다. 추천합니다! 추천합니다! ',2,'2024-10-24 13:38:35'),(6,'KOR001','student3','이 강의는 매우 유익했습니다. 추천합니다! 추천합니다! ',2,'2024-10-24 13:38:35'),(7,'KOR003','student5','이 강의는 매우 유익했습니다. 추천합니다! 추천합니다! ',5,'2024-10-24 13:38:35'),(8,'KOR003','student4','이 강의는 매우 유익했습니다. 추천합니다! 추천합니다! ',5,'2024-10-24 13:38:35'),(9,'KOR003','student3','이 강의는 좋았습니다. 추천합니다! 추천합니다! ',2,'2024-10-24 13:38:35'),(10,'MATH001','student5','이 강의는 좋았습니다. 추천합니다! 추천합니다! ',3,'2024-10-24 13:38:35'),(11,'MATH002','student5','이 강의는 괜찮았습니다. 추천합니다! 추천합니다! ',4,'2024-10-24 13:38:35'),(12,'MATH002','student4','이 강의는 좋았습니다. 추천합니다! 추천합니다! ',4,'2024-10-24 13:38:35'),(13,'MATH003','student4','이 강의는 매우 유익했습니다. 추천합니다! 추천합니다! ',1,'2024-10-24 13:38:35'),(14,'MATH003','student3','이 강의는 도움이 되었습니다. 추천합니다! 추천합니다! ',2,'2024-10-24 13:38:35'),(15,'SCI001','student5','이 강의는 괜찮았습니다. 추천합니다! 추천합니다! ',2,'2024-10-24 13:38:35'),(16,'SCI001','student2','이 강의는 매우 유익했습니다. 추천합니다! 추천합니다! ',1,'2024-10-24 13:38:35'),(17,'SCI002','student1','이 강의는 훌륭했습니다. 추천합니다! 추천합니다! ',5,'2024-10-24 13:38:35'),(18,'SOC001','student4','이 강의는 괜찮았습니다. 추천합니다! 추천합니다! ',4,'2024-10-24 13:38:35'),(19,'SOC002','student5','이 강의는 매우 유익했습니다. 추천합니다! 추천합니다! ',5,'2024-10-24 13:38:35'),(20,'SOC003','student1','이 강의는 좋았습니다. 추천합니다! 추천합니다! ',4,'2024-10-24 13:38:35');
/*!40000 ALTER TABLE `TBL_REVIEW` ENABLE KEYS */;
UNLOCK TABLES;

--
-- Dumping routines for database 'haebup'
--
/*!40103 SET TIME_ZONE=@OLD_TIME_ZONE */;

/*!40101 SET SQL_MODE=@OLD_SQL_MODE */;
/*!40014 SET FOREIGN_KEY_CHECKS=@OLD_FOREIGN_KEY_CHECKS */;
/*!40014 SET UNIQUE_CHECKS=@OLD_UNIQUE_CHECKS */;
/*!40101 SET CHARACTER_SET_CLIENT=@OLD_CHARACTER_SET_CLIENT */;
/*!40101 SET CHARACTER_SET_RESULTS=@OLD_CHARACTER_SET_RESULTS */;
/*!40101 SET COLLATION_CONNECTION=@OLD_COLLATION_CONNECTION */;
/*!40111 SET SQL_NOTES=@OLD_SQL_NOTES */;

-- Dump completed on 2024-10-24 15:17:02
